Codigo,Referencia,Ticker_YF
ABEV3,2014-01-02,ABEV3.SA
AEDU3,2014-01-02,AEDU3.SA
ALLL3,2014-01-02,ALLL3.SA
BBAS3,2014-01-02,BBAS3.SA
BBDC3,2014-01-02,BBDC3.SA
BBDC4,2014-01-02,BBDC4.SA
BISA3,2014-01-02,BISA3.SA
BRAP4,2014-01-02,BRAP4.SA
BRFS3,2014-01-02,BRFS3.SA
BRKM5,2014-01-02,BRKM5.SA
BRML3,2014-01-02,BRML3.SA
BRPR3,2014-01-02,BRPR3.SA
BTOW3,2014-01-02,BTOW3.SA
BVMF3,2014-01-02,BVMF3.SA
CCRO3,2014-01-02,CCRO3.SA
CESP6,2014-01-02,CESP6.SA
CIEL3,2014-01-02,CIEL3.SA
CMIG4,2014-01-02,CMIG4.SA
CPFE3,2014-01-02,CPFE3.SA
CPLE6,2014-01-02,CPLE6.SA
CRUZ3,2014-01-02,CRUZ3.SA
CSAN3,2014-01-02,CSAN3.SA
CSNA3,2014-01-02,CSNA3.SA
CTIP3,2014-01-02,CTIP3.SA
CYRE3,2014-01-02,CYRE3.SA
DASA3,2014-01-02,DASA3.SA
DTEX3,2014-01-02,DTEX3.SA
ELET3,2014-01-02,ELET3.SA
ELET6,2014-01-02,ELET6.SA
ELPL4,2014-01-02,ELPL4.SA
EMBR3,2014-01-02,EMBR3.SA
ENBR3,2014-01-02,ENBR3.SA
FIBR3,2014-01-02,FIBR3.SA
GFSA3,2014-01-02,GFSA3.SA
GGBR4,2014-01-02,GGBR4.SA
GOAU4,2014-01-02,GOAU4.SA
GOLL4,2014-01-02,GOLL4.SA
HGTX3,2014-01-02,HGTX3.SA
HYPE3,2014-01-02,HYPE3.SA
ITSA4,2014-01-02,ITSA4.SA
ITUB4,2014-01-02,ITUB4.SA
JBSS3,2014-01-02,JBSS3.SA
KLBN4,2014-01-02,KLBN4.SA
KROT3,2014-01-02,KROT3.SA
LAME4,2014-01-02,LAME4.SA
LIGT3,2014-01-02,LIGT3.SA
LLXL3,2014-01-02,LLXL3.SA
LREN3,2014-01-02,LREN3.SA
MMXM3,2014-01-02,MMXM3.SA
MRFG3,2014-01-02,MRFG3.SA
MRVE3,2014-01-02,MRVE3.SA
NATU3,2014-01-02,NATU3.SA
OIBR3,2014-01-02,OIBR3.SA
OIBR4,2014-01-02,OIBR4.SA
PCAR4,2014-01-02,PCAR4.SA
PDGR3,2014-01-02,PDGR3.SA
PETR3,2014-01-02,PETR3.SA
PETR4,2014-01-02,PETR4.SA
RENT3,2014-01-02,RENT3.SA
RSID3,2014-01-02,RSID3.SA
SANB11,2014-01-02,SANB11.SA
SBSP3,2014-01-02,SBSP3.SA
SUZB5,2014-01-02,SUZB5.SA
TIMP3,2014-01-02,TIMP3.SA
TRPL4,2014-01-02,TRPL4.SA
UGPA3,2014-01-02,UGPA3.SA
USIM3,2014-01-02,USIM3.SA
USIM5,2014-01-02,USIM5.SA
VAGR3,2014-01-02,VAGR3.SA
VALE3,2014-01-02,VALE3.SA
VALE5,2014-01-02,VALE5.SA
VIVT4,2014-01-02,VIVT4.SA
ITUB4,2014-05-16,ITUB4.SA
PETR4,2014-05-16,PETR4.SA
BBDC4,2014-05-16,BBDC4.SA
ABEV3,2014-05-16,ABEV3.SA
VALE5,2014-05-16,VALE5.SA
PETR3,2014-05-16,PETR3.SA
VALE3,2014-05-16,VALE3.SA
BRFS3,2014-05-16,BRFS3.SA
ITSA4,2014-05-16,ITSA4.SA
CIEL3,2014-05-16,CIEL3.SA
BVMF3,2014-05-16,BVMF3.SA
BBAS3,2014-05-16,BBAS3.SA
BBSE3,2014-05-16,BBSE3.SA
UGPA3,2014-05-16,UGPA3.SA
PCAR4,2014-05-16,PCAR4.SA
BBDC3,2014-05-16,BBDC3.SA
CCRO3,2014-05-16,CCRO3.SA
SANB11,2014-05-16,SANB11.SA
EMBR3,2014-05-16,EMBR3.SA
JBSS3,2014-05-16,JBSS3.SA
GGBR4,2014-05-16,GGBR4.SA
VIVT4,2014-05-16,VIVT4.SA
CMIG4,2014-05-16,CMIG4.SA
KROT3,2014-05-16,KROT3.SA
TIMP3,2014-05-16,TIMP3.SA
CRUZ3,2014-05-16,CRUZ3.SA
LREN3,2014-05-16,LREN3.SA
BRML3,2014-05-16,BRML3.SA
ESTC3,2014-05-16,ESTC3.SA
SBSP3,2014-05-16,SBSP3.SA
AEDU3,2014-05-16,AEDU3.SA
CTIP3,2014-05-16,CTIP3.SA
TBLE3,2014-05-16,TBLE3.SA
NATU3,2014-05-16,NATU3.SA
CSNA3,2014-05-16,CSNA3.SA
HYPE3,2014-05-16,HYPE3.SA
LAME4,2014-05-16,LAME4.SA
OIBR4,2014-05-16,OIBR4.SA
RENT3,2014-05-16,RENT3.SA
CPFE3,2014-05-16,CPFE3.SA
KLBN11,2014-05-16,KLBN11.SA
BRPR3,2014-05-16,BRPR3.SA
CESP6,2014-05-16,CESP6.SA
FIBR3,2014-05-16,FIBR3.SA
GOAU4,2014-05-16,GOAU4.SA
BRAP4,2014-05-16,BRAP4.SA
QUAL3,2014-05-16,QUAL3.SA
USIM5,2014-05-16,USIM5.SA
BRKM5,2014-05-16,BRKM5.SA
CSAN3,2014-05-16,CSAN3.SA
ALLL3,2014-05-16,ALLL3.SA
SUZB5,2014-05-16,SUZB5.SA
CPLE6,2014-05-16,CPLE6.SA
HGTX3,2014-05-16,HGTX3.SA
ECOR3,2014-05-16,ECOR3.SA
CYRE3,2014-05-16,CYRE3.SA
DTEX3,2014-05-16,DTEX3.SA
ENBR3,2014-05-16,ENBR3.SA
ELET6,2014-05-16,ELET6.SA
PDGR3,2014-05-16,PDGR3.SA
MRVE3,2014-05-16,MRVE3.SA
LIGT3,2014-05-16,LIGT3.SA
MRFG3,2014-05-16,MRFG3.SA
ELET3,2014-05-16,ELET3.SA
EVEN3,2014-05-16,EVEN3.SA
GOLL4,2014-05-16,GOLL4.SA
GFSA3,2014-05-16,GFSA3.SA
ELPL4,2014-05-16,ELPL4.SA
RSID3,2014-05-16,RSID3.SA
BISA3,2014-05-16,BISA3.SA
MMXM3,2014-05-16,MMXM3.SA
ITUB4,2014-09-11,ITUB4.SA
PETR4,2014-09-11,PETR4.SA
BBDC4,2014-09-11,BBDC4.SA
ABEV3,2014-09-11,ABEV3.SA
PETR3,2014-09-11,PETR3.SA
VALE5,2014-09-11,VALE5.SA
BRFS3,2014-09-11,BRFS3.SA
VALE3,2014-09-11,VALE3.SA
ITSA4,2014-09-11,ITSA4.SA
CIEL3,2014-09-11,CIEL3.SA
BBAS3,2014-09-11,BBAS3.SA
KROT3,2014-09-11,KROT3.SA
BVMF3,2014-09-11,BVMF3.SA
UGPA3,2014-09-11,UGPA3.SA
BBSE3,2014-09-11,BBSE3.SA
BBDC3,2014-09-11,BBDC3.SA
PCAR4,2014-09-11,PCAR4.SA
EMBR3,2014-09-11,EMBR3.SA
JBSS3,2014-09-11,JBSS3.SA
CCRO3,2014-09-11,CCRO3.SA
SANB11,2014-09-11,SANB11.SA
VIVT4,2014-09-11,VIVT4.SA
CMIG4,2014-09-11,CMIG4.SA
TIMP3,2014-09-11,TIMP3.SA
GGBR4,2014-09-11,GGBR4.SA
BRML3,2014-09-11,BRML3.SA
LREN3,2014-09-11,LREN3.SA
ESTC3,2014-09-11,ESTC3.SA
CTIP3,2014-09-11,CTIP3.SA
CRUZ3,2014-09-11,CRUZ3.SA
TBLE3,2014-09-11,TBLE3.SA
SBSP3,2014-09-11,SBSP3.SA
HYPE3,2014-09-11,HYPE3.SA
CSNA3,2014-09-11,CSNA3.SA
NATU3,2014-09-11,NATU3.SA
LAME4,2014-09-11,LAME4.SA
CPFE3,2014-09-11,CPFE3.SA
QUAL3,2014-09-11,QUAL3.SA
RENT3,2014-09-11,RENT3.SA
FIBR3,2014-09-11,FIBR3.SA
CESP6,2014-09-11,CESP6.SA
OIBR4,2014-09-11,OIBR4.SA
KLBN11,2014-09-11,KLBN11.SA
CSAN3,2014-09-11,CSAN3.SA
SUZB5,2014-09-11,SUZB5.SA
BRPR3,2014-09-11,BRPR3.SA
BRAP4,2014-09-11,BRAP4.SA
BRKM5,2014-09-11,BRKM5.SA
GOAU4,2014-09-11,GOAU4.SA
USIM5,2014-09-11,USIM5.SA
CPLE6,2014-09-11,CPLE6.SA
CYRE3,2014-09-11,CYRE3.SA
ALLL3,2014-09-11,ALLL3.SA
HGTX3,2014-09-11,HGTX3.SA
ECOR3,2014-09-11,ECOR3.SA
DTEX3,2014-09-11,DTEX3.SA
MRFG3,2014-09-11,MRFG3.SA
MRVE3,2014-09-11,MRVE3.SA
ENBR3,2014-09-11,ENBR3.SA
ELET6,2014-09-11,ELET6.SA
POMO4,2014-09-11,POMO4.SA
LIGT3,2014-09-11,LIGT3.SA
PDGR3,2014-09-11,PDGR3.SA
ELET3,2014-09-11,ELET3.SA
GOLL4,2014-09-11,GOLL4.SA
EVEN3,2014-09-11,EVEN3.SA
GFSA3,2014-09-11,GFSA3.SA
ELPL4,2014-09-11,ELPL4.SA
RSID3,2014-09-11,RSID3.SA
PETR4,2015-01-09,PETR4.SA
ABEV3,2015-01-09,ABEV3.SA
ITSA4,2015-01-09,ITSA4.SA
PETR3,2015-01-09,PETR3.SA
ITUB4,2015-01-09,ITUB4.SA
BBDC4,2015-01-09,BBDC4.SA
VALE5,2015-01-09,VALE5.SA
BVMF3,2015-01-09,BVMF3.SA
JBSS3,2015-01-09,JBSS3.SA
KROT3,2015-01-09,KROT3.SA
PDGR3,2015-01-09,PDGR3.SA
VALE3,2015-01-09,VALE3.SA
GGBR4,2015-01-09,GGBR4.SA
CCRO3,2015-01-09,CCRO3.SA
BBAS3,2015-01-09,BBAS3.SA
TIMP3,2015-01-09,TIMP3.SA
CMIG4,2015-01-09,CMIG4.SA
CSNA3,2015-01-09,CSNA3.SA
BBSE3,2015-01-09,BBSE3.SA
CIEL3,2015-01-09,CIEL3.SA
EMBR3,2015-01-09,EMBR3.SA
POMO4,2015-01-09,POMO4.SA
USIM5,2015-01-09,USIM5.SA
BRFS3,2015-01-09,BRFS3.SA
SUZB5,2015-01-09,SUZB5.SA
BRML3,2015-01-09,BRML3.SA
ALLL3,2015-01-09,ALLL3.SA
LAME4,2015-01-09,LAME4.SA
SANB11,2015-01-09,SANB11.SA
GFSA3,2015-01-09,GFSA3.SA
KLBN11,2015-01-09,KLBN11.SA
UGPA3,2015-01-09,UGPA3.SA
CRUZ3,2015-01-09,CRUZ3.SA
HYPE3,2015-01-09,HYPE3.SA
BBDC3,2015-01-09,BBDC3.SA
MRFG3,2015-01-09,MRFG3.SA
SBSP3,2015-01-09,SBSP3.SA
OIBR4,2015-01-09,OIBR4.SA
BRPR3,2015-01-09,BRPR3.SA
CPFE3,2015-01-09,CPFE3.SA
ESTC3,2015-01-09,ESTC3.SA
MRVE3,2015-01-09,MRVE3.SA
GOAU4,2015-01-09,GOAU4.SA
BRKM5,2015-01-09,BRKM5.SA
DTEX3,2015-01-09,DTEX3.SA
VIVT4,2015-01-09,VIVT4.SA
CTIP3,2015-01-09,CTIP3.SA
CYRE3,2015-01-09,CYRE3.SA
ENBR3,2015-01-09,ENBR3.SA
ELET3,2015-01-09,ELET3.SA
BRAP4,2015-01-09,BRAP4.SA
FIBR3,2015-01-09,FIBR3.SA
ELET6,2015-01-09,ELET6.SA
QUAL3,2015-01-09,QUAL3.SA
EVEN3,2015-01-09,EVEN3.SA
TBLE3,2015-01-09,TBLE3.SA
ECOR3,2015-01-09,ECOR3.SA
CESP6,2015-01-09,CESP6.SA
NATU3,2015-01-09,NATU3.SA
PCAR4,2015-01-09,PCAR4.SA
RENT3,2015-01-09,RENT3.SA
CSAN3,2015-01-09,CSAN3.SA
HGTX3,2015-01-09,HGTX3.SA
LREN3,2015-01-09,LREN3.SA
GOLL4,2015-01-09,GOLL4.SA
CPLE6,2015-01-09,CPLE6.SA
LIGT3,2015-01-09,LIGT3.SA
MULT3,2015-01-09,MULT3.SA
ITUB4,2015-05-08,ITUB4.SA
BBDC4,2015-05-08,BBDC4.SA
ABEV3,2015-05-08,ABEV3.SA
PETR4,2015-05-08,PETR4.SA
PETR3,2015-05-08,PETR3.SA
BRFS3,2015-05-08,BRFS3.SA
VALE5,2015-05-08,VALE5.SA
ITSA4,2015-05-08,ITSA4.SA
CIEL3,2015-05-08,CIEL3.SA
VALE3,2015-05-08,VALE3.SA
JBSS3,2015-05-08,JBSS3.SA
BBSE3,2015-05-08,BBSE3.SA
UGPA3,2015-05-08,UGPA3.SA
BBAS3,2015-05-08,BBAS3.SA
BVMF3,2015-05-08,BVMF3.SA
EMBR3,2015-05-08,EMBR3.SA
VIVT4,2015-05-08,VIVT4.SA
PCAR4,2015-05-08,PCAR4.SA
KROT3,2015-05-08,KROT3.SA
LREN3,2015-05-08,LREN3.SA
CCRO3,2015-05-08,CCRO3.SA
BBDC3,2015-05-08,BBDC3.SA
CMIG4,2015-05-08,CMIG4.SA
CRUZ3,2015-05-08,CRUZ3.SA
FIBR3,2015-05-08,FIBR3.SA
GGBR4,2015-05-08,GGBR4.SA
CTIP3,2015-05-08,CTIP3.SA
HYPE3,2015-05-08,HYPE3.SA
BRML3,2015-05-08,BRML3.SA
TBLE3,2015-05-08,TBLE3.SA
LAME4,2015-05-08,LAME4.SA
TIMP3,2015-05-08,TIMP3.SA
KLBN11,2015-05-08,KLBN11.SA
SUZB5,2015-05-08,SUZB5.SA
SANB11,2015-05-08,SANB11.SA
SBSP3,2015-05-08,SBSP3.SA
CPFE3,2015-05-08,CPFE3.SA
CSNA3,2015-05-08,CSNA3.SA
QUAL3,2015-05-08,QUAL3.SA
NATU3,2015-05-08,NATU3.SA
RENT3,2015-05-08,RENT3.SA
ESTC3,2015-05-08,ESTC3.SA
MULT3,2015-05-08,MULT3.SA
CESP6,2015-05-08,CESP6.SA
BRKM5,2015-05-08,BRKM5.SA
CSAN3,2015-05-08,CSAN3.SA
CPLE6,2015-05-08,CPLE6.SA
BRPR3,2015-05-08,BRPR3.SA
SMLE3,2015-05-08,SMLE3.SA
USIM5,2015-05-08,USIM5.SA
CYRE3,2015-05-08,CYRE3.SA
BRAP4,2015-05-08,BRAP4.SA
ENBR3,2015-05-08,ENBR3.SA
GOAU4,2015-05-08,GOAU4.SA
DTEX3,2015-05-08,DTEX3.SA
ELET6,2015-05-08,ELET6.SA
MRVE3,2015-05-08,MRVE3.SA
OIBR4,2015-05-08,OIBR4.SA
HGTX3,2015-05-08,HGTX3.SA
ELET3,2015-05-08,ELET3.SA
ECOR3,2015-05-08,ECOR3.SA
POMO4,2015-05-08,POMO4.SA
RUMO3,2015-05-08,RUMO3.SA
MRFG3,2015-05-08,MRFG3.SA
GFSA3,2015-05-08,GFSA3.SA
GOLL4,2015-05-08,GOLL4.SA
ITUB4,2015-09-11,ITUB4.SA
ABEV3,2015-09-11,ABEV3.SA
BBDC4,2015-09-11,BBDC4.SA
BRFS3,2015-09-11,BRFS3.SA
PETR4,2015-09-11,PETR4.SA
VALE5,2015-09-11,VALE5.SA
JBSS3,2015-09-11,JBSS3.SA
CIEL3,2015-09-11,CIEL3.SA
VALE3,2015-09-11,VALE3.SA
ITSA4,2015-09-11,ITSA4.SA
PETR3,2015-09-11,PETR3.SA
UGPA3,2015-09-11,UGPA3.SA
BVMF3,2015-09-11,BVMF3.SA
VIVT4,2015-09-11,VIVT4.SA
BBSE3,2015-09-11,BBSE3.SA
EMBR3,2015-09-11,EMBR3.SA
KROT3,2015-09-11,KROT3.SA
BBAS3,2015-09-11,BBAS3.SA
FIBR3,2015-09-11,FIBR3.SA
LREN3,2015-09-11,LREN3.SA
BBDC3,2015-09-11,BBDC3.SA
CCRO3,2015-09-11,CCRO3.SA
KLBN11,2015-09-11,KLBN11.SA
PCAR4,2015-09-11,PCAR4.SA
SUZB5,2015-09-11,SUZB5.SA
CRUZ3,2015-09-11,CRUZ3.SA
CTIP3,2015-09-11,CTIP3.SA
RADL3,2015-09-11,RADL3.SA
LAME4,2015-09-11,LAME4.SA
TIMP3,2015-09-11,TIMP3.SA
TBLE3,2015-09-11,TBLE3.SA
EQTL3,2015-09-11,EQTL3.SA
GGBR4,2015-09-11,GGBR4.SA
CMIG4,2015-09-11,CMIG4.SA
BRML3,2015-09-11,BRML3.SA
SANB11,2015-09-11,SANB11.SA
HYPE3,2015-09-11,HYPE3.SA
SBSP3,2015-09-11,SBSP3.SA
CPFE3,2015-09-11,CPFE3.SA
BRKM5,2015-09-11,BRKM5.SA
QUAL3,2015-09-11,QUAL3.SA
NATU3,2015-09-11,NATU3.SA
ESTC3,2015-09-11,ESTC3.SA
MULT3,2015-09-11,MULT3.SA
CPLE6,2015-09-11,CPLE6.SA
RENT3,2015-09-11,RENT3.SA
BRPR3,2015-09-11,BRPR3.SA
CSNA3,2015-09-11,CSNA3.SA
CSAN3,2015-09-11,CSAN3.SA
CESP6,2015-09-11,CESP6.SA
ENBR3,2015-09-11,ENBR3.SA
MRFG3,2015-09-11,MRFG3.SA
BRAP4,2015-09-11,BRAP4.SA
USIM5,2015-09-11,USIM5.SA
SMLE3,2015-09-11,SMLE3.SA
CYRE3,2015-09-11,CYRE3.SA
MRVE3,2015-09-11,MRVE3.SA
HGTX3,2015-09-11,HGTX3.SA
ELET3,2015-09-11,ELET3.SA
RUMO3,2015-09-11,RUMO3.SA
ECOR3,2015-09-11,ECOR3.SA
GOAU4,2015-09-11,GOAU4.SA
OIBR4,2015-09-11,OIBR4.SA
GOLL4,2015-09-11,GOLL4.SA
ITUB4,2016-01-08,ITUB4.SA
ABEV3,2016-01-08,ABEV3.SA
BBDC4,2016-01-08,BBDC4.SA
BRFS3,2016-01-08,BRFS3.SA
CIEL3,2016-01-08,CIEL3.SA
PETR4,2016-01-08,PETR4.SA
ITSA4,2016-01-08,ITSA4.SA
PETR3,2016-01-08,PETR3.SA
UGPA3,2016-01-08,UGPA3.SA
JBSS3,2016-01-08,JBSS3.SA
BVMF3,2016-01-08,BVMF3.SA
VALE5,2016-01-08,VALE5.SA
BBSE3,2016-01-08,BBSE3.SA
VIVT4,2016-01-08,VIVT4.SA
VALE3,2016-01-08,VALE3.SA
EMBR3,2016-01-08,EMBR3.SA
KROT3,2016-01-08,KROT3.SA
BBAS3,2016-01-08,BBAS3.SA
BBDC3,2016-01-08,BBDC3.SA
LREN3,2016-01-08,LREN3.SA
FIBR3,2016-01-08,FIBR3.SA
KLBN11,2016-01-08,KLBN11.SA
CCRO3,2016-01-08,CCRO3.SA
CTIP3,2016-01-08,CTIP3.SA
WEGE3,2016-01-08,WEGE3.SA
HYPE3,2016-01-08,HYPE3.SA
LAME4,2016-01-08,LAME4.SA
RADL3,2016-01-08,RADL3.SA
BRKM5,2016-01-08,BRKM5.SA
EQTL3,2016-01-08,EQTL3.SA
SUZB5,2016-01-08,SUZB5.SA
TBLE3,2016-01-08,TBLE3.SA
PCAR4,2016-01-08,PCAR4.SA
SBSP3,2016-01-08,SBSP3.SA
TIMP3,2016-01-08,TIMP3.SA
BRML3,2016-01-08,BRML3.SA
SANB11,2016-01-08,SANB11.SA
CPFE3,2016-01-08,CPFE3.SA
NATU3,2016-01-08,NATU3.SA
RENT3,2016-01-08,RENT3.SA
CMIG4,2016-01-08,CMIG4.SA
CSAN3,2016-01-08,CSAN3.SA
ESTC3,2016-01-08,ESTC3.SA
GGBR4,2016-01-08,GGBR4.SA
QUAL3,2016-01-08,QUAL3.SA
MULT3,2016-01-08,MULT3.SA
ENBR3,2016-01-08,ENBR3.SA
CESP6,2016-01-08,CESP6.SA
MRVE3,2016-01-08,MRVE3.SA
CPLE6,2016-01-08,CPLE6.SA
CSNA3,2016-01-08,CSNA3.SA
MRFG3,2016-01-08,MRFG3.SA
CYRE3,2016-01-08,CYRE3.SA
HGTX3,2016-01-08,HGTX3.SA
SMLE3,2016-01-08,SMLE3.SA
OIBR3,2016-01-08,OIBR3.SA
RUMO3,2016-01-08,RUMO3.SA
BRAP4,2016-01-08,BRAP4.SA
ECOR3,2016-01-08,ECOR3.SA
GOAU4,2016-01-08,GOAU4.SA
USIM5,2016-01-08,USIM5.SA
ITUB4,2016-05-13,ITUB4.SA
ABEV3,2016-05-13,ABEV3.SA
BBDC4,2016-05-13,BBDC4.SA
PETR4,2016-05-13,PETR4.SA
BRFS3,2016-05-13,BRFS3.SA
PETR3,2016-05-13,PETR3.SA
CIEL3,2016-05-13,CIEL3.SA
BVMF3,2016-05-13,BVMF3.SA
ITSA4,2016-05-13,ITSA4.SA
UGPA3,2016-05-13,UGPA3.SA
VALE5,2016-05-13,VALE5.SA
BBAS3,2016-05-13,BBAS3.SA
VALE3,2016-05-13,VALE3.SA
VIVT4,2016-05-13,VIVT4.SA
BBSE3,2016-05-13,BBSE3.SA
KROT3,2016-05-13,KROT3.SA
JBSS3,2016-05-13,JBSS3.SA
BBDC3,2016-05-13,BBDC3.SA
CCRO3,2016-05-13,CCRO3.SA
LREN3,2016-05-13,LREN3.SA
EMBR3,2016-05-13,EMBR3.SA
HYPE3,2016-05-13,HYPE3.SA
RADL3,2016-05-13,RADL3.SA
CTIP3,2016-05-13,CTIP3.SA
SBSP3,2016-05-13,SBSP3.SA
EQTL3,2016-05-13,EQTL3.SA
WEGE3,2016-05-13,WEGE3.SA
KLBN11,2016-05-13,KLBN11.SA
BRML3,2016-05-13,BRML3.SA
TBLE3,2016-05-13,TBLE3.SA
LAME4,2016-05-13,LAME4.SA
SANB11,2016-05-13,SANB11.SA
PCAR4,2016-05-13,PCAR4.SA
FIBR3,2016-05-13,FIBR3.SA
CPFE3,2016-05-13,CPFE3.SA
TIMP3,2016-05-13,TIMP3.SA
GGBR4,2016-05-13,GGBR4.SA
SUZB5,2016-05-13,SUZB5.SA
RENT3,2016-05-13,RENT3.SA
BRKM5,2016-05-13,BRKM5.SA
CSAN3,2016-05-13,CSAN3.SA
CSNA3,2016-05-13,CSNA3.SA
CMIG4,2016-05-13,CMIG4.SA
MULT3,2016-05-13,MULT3.SA
NATU3,2016-05-13,NATU3.SA
ENBR3,2016-05-13,ENBR3.SA
RUMO3,2016-05-13,RUMO3.SA
QUAL3,2016-05-13,QUAL3.SA
MRVE3,2016-05-13,MRVE3.SA
ESTC3,2016-05-13,ESTC3.SA
CYRE3,2016-05-13,CYRE3.SA
CPLE6,2016-05-13,CPLE6.SA
CESP6,2016-05-13,CESP6.SA
SMLE3,2016-05-13,SMLE3.SA
MRFG3,2016-05-13,MRFG3.SA
ECOR3,2016-05-13,ECOR3.SA
BRAP4,2016-05-13,BRAP4.SA
GOAU4,2016-05-13,GOAU4.SA
USIM5,2016-05-13,USIM5.SA
ITUB4,2016-09-09,ITUB4.SA
ABEV3,2016-09-09,ABEV3.SA
BBDC4,2016-09-09,BBDC4.SA
PETR4,2016-09-09,PETR4.SA
BRFS3,2016-09-09,BRFS3.SA
PETR3,2016-09-09,PETR3.SA
ITSA4,2016-09-09,ITSA4.SA
BVMF3,2016-09-09,BVMF3.SA
CIEL3,2016-09-09,CIEL3.SA
UGPA3,2016-09-09,UGPA3.SA
VALE5,2016-09-09,VALE5.SA
BBAS3,2016-09-09,BBAS3.SA
VALE3,2016-09-09,VALE3.SA
KROT3,2016-09-09,KROT3.SA
BBSE3,2016-09-09,BBSE3.SA
VIVT4,2016-09-09,VIVT4.SA
JBSS3,2016-09-09,JBSS3.SA
BBDC3,2016-09-09,BBDC3.SA
LREN3,2016-09-09,LREN3.SA
CCRO3,2016-09-09,CCRO3.SA
RADL3,2016-09-09,RADL3.SA
EMBR3,2016-09-09,EMBR3.SA
CTIP3,2016-09-09,CTIP3.SA
HYPE3,2016-09-09,HYPE3.SA
LAME4,2016-09-09,LAME4.SA
SBSP3,2016-09-09,SBSP3.SA
EQTL3,2016-09-09,EQTL3.SA
WEGE3,2016-09-09,WEGE3.SA
SANB11,2016-09-09,SANB11.SA
GGBR4,2016-09-09,GGBR4.SA
EGIE3,2016-09-09,EGIE3.SA
PCAR4,2016-09-09,PCAR4.SA
CPFE3,2016-09-09,CPFE3.SA
BRML3,2016-09-09,BRML3.SA
KLBN11,2016-09-09,KLBN11.SA
CMIG4,2016-09-09,CMIG4.SA
TIMP3,2016-09-09,TIMP3.SA
BRKM5,2016-09-09,BRKM5.SA
RENT3,2016-09-09,RENT3.SA
CSAN3,2016-09-09,CSAN3.SA
RUMO3,2016-09-09,RUMO3.SA
NATU3,2016-09-09,NATU3.SA
FIBR3,2016-09-09,FIBR3.SA
CSNA3,2016-09-09,CSNA3.SA
MULT3,2016-09-09,MULT3.SA
ESTC3,2016-09-09,ESTC3.SA
QUAL3,2016-09-09,QUAL3.SA
SUZB5,2016-09-09,SUZB5.SA
CPLE6,2016-09-09,CPLE6.SA
ENBR3,2016-09-09,ENBR3.SA
MRVE3,2016-09-09,MRVE3.SA
SMLE3,2016-09-09,SMLE3.SA
CYRE3,2016-09-09,CYRE3.SA
GOAU4,2016-09-09,GOAU4.SA
BRAP4,2016-09-09,BRAP4.SA
USIM5,2016-09-09,USIM5.SA
MRFG3,2016-09-09,MRFG3.SA
ECOR3,2016-09-09,ECOR3.SA
ITUB4,2017-01-13,ITUB4.SA
BBDC4,2017-01-13,BBDC4.SA
ABEV3,2017-01-13,ABEV3.SA
PETR4,2017-01-13,PETR4.SA
VALE5,2017-01-13,VALE5.SA
PETR3,2017-01-13,PETR3.SA
VALE3,2017-01-13,VALE3.SA
BRFS3,2017-01-13,BRFS3.SA
BBAS3,2017-01-13,BBAS3.SA
ITSA4,2017-01-13,ITSA4.SA
BVMF3,2017-01-13,BVMF3.SA
UGPA3,2017-01-13,UGPA3.SA
CIEL3,2017-01-13,CIEL3.SA
KROT3,2017-01-13,KROT3.SA
VIVT4,2017-01-13,VIVT4.SA
JBSS3,2017-01-13,JBSS3.SA
BBSE3,2017-01-13,BBSE3.SA
BBDC3,2017-01-13,BBDC3.SA
LREN3,2017-01-13,LREN3.SA
CCRO3,2017-01-13,CCRO3.SA
RADL3,2017-01-13,RADL3.SA
EMBR3,2017-01-13,EMBR3.SA
CTIP3,2017-01-13,CTIP3.SA
SANB11,2017-01-13,SANB11.SA
GGBR4,2017-01-13,GGBR4.SA
EQTL3,2017-01-13,EQTL3.SA
HYPE3,2017-01-13,HYPE3.SA
SBSP3,2017-01-13,SBSP3.SA
BRKM5,2017-01-13,BRKM5.SA
LAME4,2017-01-13,LAME4.SA
PCAR4,2017-01-13,PCAR4.SA
WEGE3,2017-01-13,WEGE3.SA
CPFE3,2017-01-13,CPFE3.SA
BRML3,2017-01-13,BRML3.SA
CSNA3,2017-01-13,CSNA3.SA
KLBN11,2017-01-13,KLBN11.SA
EGIE3,2017-01-13,EGIE3.SA
FIBR3,2017-01-13,FIBR3.SA
CMIG4,2017-01-13,CMIG4.SA
TIMP3,2017-01-13,TIMP3.SA
ELET3,2017-01-13,ELET3.SA
CSAN3,2017-01-13,CSAN3.SA
RENT3,2017-01-13,RENT3.SA
MULT3,2017-01-13,MULT3.SA
ESTC3,2017-01-13,ESTC3.SA
RUMO3,2017-01-13,RUMO3.SA
SUZB5,2017-01-13,SUZB5.SA
QUAL3,2017-01-13,QUAL3.SA
NATU3,2017-01-13,NATU3.SA
BRAP4,2017-01-13,BRAP4.SA
GOAU4,2017-01-13,GOAU4.SA
MRVE3,2017-01-13,MRVE3.SA
CPLE6,2017-01-13,CPLE6.SA
ENBR3,2017-01-13,ENBR3.SA
CYRE3,2017-01-13,CYRE3.SA
SMLE3,2017-01-13,SMLE3.SA
USIM5,2017-01-13,USIM5.SA
MRFG3,2017-01-13,MRFG3.SA
ECOR3,2017-01-13,ECOR3.SA
ITUB4,2017-05-12,ITUB4.SA
BBDC4,2017-05-12,BBDC4.SA
ABEV3,2017-05-12,ABEV3.SA
PETR4,2017-05-12,PETR4.SA
VALE5,2017-05-12,VALE5.SA
BBAS3,2017-05-12,BBAS3.SA
PETR3,2017-05-12,PETR3.SA
BVMF3,2017-05-12,BVMF3.SA
ITSA4,2017-05-12,ITSA4.SA
VALE3,2017-05-12,VALE3.SA
BRFS3,2017-05-12,BRFS3.SA
UGPA3,2017-05-12,UGPA3.SA
CIEL3,2017-05-12,CIEL3.SA
KROT3,2017-05-12,KROT3.SA
BBSE3,2017-05-12,BBSE3.SA
CCRO3,2017-05-12,CCRO3.SA
LREN3,2017-05-12,LREN3.SA
VIVT4,2017-05-12,VIVT4.SA
BBDC3,2017-05-12,BBDC3.SA
JBSS3,2017-05-12,JBSS3.SA
RADL3,2017-05-12,RADL3.SA
HYPE3,2017-05-12,HYPE3.SA
CPFE3,2017-05-12,CPFE3.SA
EMBR3,2017-05-12,EMBR3.SA
PCAR4,2017-05-12,PCAR4.SA
LAME4,2017-05-12,LAME4.SA
WEGE3,2017-05-12,WEGE3.SA
SANB11,2017-05-12,SANB11.SA
SBSP3,2017-05-12,SBSP3.SA
EQTL3,2017-05-12,EQTL3.SA
BRML3,2017-05-12,BRML3.SA
BRKM5,2017-05-12,BRKM5.SA
TIMP3,2017-05-12,TIMP3.SA
GGBR4,2017-05-12,GGBR4.SA
CMIG4,2017-05-12,CMIG4.SA
RENT3,2017-05-12,RENT3.SA
RAIL3,2017-05-12,RAIL3.SA
EGIE3,2017-05-12,EGIE3.SA
KLBN11,2017-05-12,KLBN11.SA
FIBR3,2017-05-12,FIBR3.SA
QUAL3,2017-05-12,QUAL3.SA
NATU3,2017-05-12,NATU3.SA
CSAN3,2017-05-12,CSAN3.SA
ESTC3,2017-05-12,ESTC3.SA
MULT3,2017-05-12,MULT3.SA
SUZB5,2017-05-12,SUZB5.SA
ELET6,2017-05-12,ELET6.SA
ELET3,2017-05-12,ELET3.SA
CSNA3,2017-05-12,CSNA3.SA
MRVE3,2017-05-12,MRVE3.SA
SMLE3,2017-05-12,SMLE3.SA
BRAP4,2017-05-12,BRAP4.SA
CYRE3,2017-05-12,CYRE3.SA
ENBR3,2017-05-12,ENBR3.SA
MRFG3,2017-05-12,MRFG3.SA
CPLE6,2017-05-12,CPLE6.SA
GOAU4,2017-05-12,GOAU4.SA
ECOR3,2017-05-12,ECOR3.SA
USIM5,2017-05-12,USIM5.SA
ITUB4,2017-09-08,ITUB4.SA
VALE3,2017-09-08,VALE3.SA
BBDC4,2017-09-08,BBDC4.SA
ABEV3,2017-09-08,ABEV3.SA
PETR4,2017-09-08,PETR4.SA
BVMF3,2017-09-08,BVMF3.SA
ITSA4,2017-09-08,ITSA4.SA
PETR3,2017-09-08,PETR3.SA
BBAS3,2017-09-08,BBAS3.SA
BRFS3,2017-09-08,BRFS3.SA
UGPA3,2017-09-08,UGPA3.SA
KROT3,2017-09-08,KROT3.SA
CIEL3,2017-09-08,CIEL3.SA
LREN3,2017-09-08,LREN3.SA
VIVT4,2017-09-08,VIVT4.SA
CCRO3,2017-09-08,CCRO3.SA
BBSE3,2017-09-08,BBSE3.SA
BBDC3,2017-09-08,BBDC3.SA
RADL3,2017-09-08,RADL3.SA
EMBR3,2017-09-08,EMBR3.SA
EQTL3,2017-09-08,EQTL3.SA
LAME4,2017-09-08,LAME4.SA
CPFE3,2017-09-08,CPFE3.SA
JBSS3,2017-09-08,JBSS3.SA
HYPE3,2017-09-08,HYPE3.SA
GGBR4,2017-09-08,GGBR4.SA
WEGE3,2017-09-08,WEGE3.SA
BRML3,2017-09-08,BRML3.SA
PCAR4,2017-09-08,PCAR4.SA
SBSP3,2017-09-08,SBSP3.SA
SANB11,2017-09-08,SANB11.SA
BRKM5,2017-09-08,BRKM5.SA
RENT3,2017-09-08,RENT3.SA
FIBR3,2017-09-08,FIBR3.SA
KLBN11,2017-09-08,KLBN11.SA
TIMP3,2017-09-08,TIMP3.SA
QUAL3,2017-09-08,QUAL3.SA
ESTC3,2017-09-08,ESTC3.SA
SUZB5,2017-09-08,SUZB5.SA
RAIL3,2017-09-08,RAIL3.SA
EGIE3,2017-09-08,EGIE3.SA
CMIG4,2017-09-08,CMIG4.SA
MULT3,2017-09-08,MULT3.SA
CSNA3,2017-09-08,CSNA3.SA
CSAN3,2017-09-08,CSAN3.SA
BRAP4,2017-09-08,BRAP4.SA
ELET3,2017-09-08,ELET3.SA
NATU3,2017-09-08,NATU3.SA
ELET6,2017-09-08,ELET6.SA
SMLE3,2017-09-08,SMLE3.SA
ENBR3,2017-09-08,ENBR3.SA
TAEE11,2017-09-08,TAEE11.SA
USIM5,2017-09-08,USIM5.SA
MRVE3,2017-09-08,MRVE3.SA
GOAU4,2017-09-08,GOAU4.SA
CYRE3,2017-09-08,CYRE3.SA
CPLE6,2017-09-08,CPLE6.SA
MRFG3,2017-09-08,MRFG3.SA
ECOR3,2017-09-08,ECOR3.SA
ITUB4,2018-01-12,ITUB4.SA
VALE3,2018-01-12,VALE3.SA
BBDC4,2018-01-12,BBDC4.SA
ABEV3,2018-01-12,ABEV3.SA
PETR4,2018-01-12,PETR4.SA
PETR3,2018-01-12,PETR3.SA
BVMF3,2018-01-12,BVMF3.SA
ITSA4,2018-01-12,ITSA4.SA
BBAS3,2018-01-12,BBAS3.SA
UGPA3,2018-01-12,UGPA3.SA
BRFS3,2018-01-12,BRFS3.SA
CIEL3,2018-01-12,CIEL3.SA
KROT3,2018-01-12,KROT3.SA
LREN3,2018-01-12,LREN3.SA
VIVT4,2018-01-12,VIVT4.SA
BBSE3,2018-01-12,BBSE3.SA
BBDC3,2018-01-12,BBDC3.SA
RADL3,2018-01-12,RADL3.SA
CCRO3,2018-01-12,CCRO3.SA
JBSS3,2018-01-12,JBSS3.SA
EMBR3,2018-01-12,EMBR3.SA
GGBR4,2018-01-12,GGBR4.SA
WEGE3,2018-01-12,WEGE3.SA
HYPE3,2018-01-12,HYPE3.SA
RAIL3,2018-01-12,RAIL3.SA
EQTL3,2018-01-12,EQTL3.SA
BRKM5,2018-01-12,BRKM5.SA
SANB11,2018-01-12,SANB11.SA
PCAR4,2018-01-12,PCAR4.SA
FIBR3,2018-01-12,FIBR3.SA
SBSP3,2018-01-12,SBSP3.SA
RENT3,2018-01-12,RENT3.SA
LAME4,2018-01-12,LAME4.SA
TIMP3,2018-01-12,TIMP3.SA
BRML3,2018-01-12,BRML3.SA
ESTC3,2018-01-12,ESTC3.SA
SUZB3,2018-01-12,SUZB3.SA
KLBN11,2018-01-12,KLBN11.SA
FLRY3,2018-01-12,FLRY3.SA
QUAL3,2018-01-12,QUAL3.SA
BRAP4,2018-01-12,BRAP4.SA
EGIE3,2018-01-12,EGIE3.SA
CMIG4,2018-01-12,CMIG4.SA
MULT3,2018-01-12,MULT3.SA
CSAN3,2018-01-12,CSAN3.SA
CSNA3,2018-01-12,CSNA3.SA
NATU3,2018-01-12,NATU3.SA
USIM5,2018-01-12,USIM5.SA
MGLU3,2018-01-12,MGLU3.SA
SMLS3,2018-01-12,SMLS3.SA
ELET3,2018-01-12,ELET3.SA
ELET6,2018-01-12,ELET6.SA
MRVE3,2018-01-12,MRVE3.SA
ENBR3,2018-01-12,ENBR3.SA
GOAU4,2018-01-12,GOAU4.SA
TAEE11,2018-01-12,TAEE11.SA
SAPR11,2018-01-12,SAPR11.SA
IGTA3,2018-01-12,IGTA3.SA
CYRE3,2018-01-12,CYRE3.SA
VVAR11,2018-01-12,VVAR11.SA
MRFG3,2018-01-12,MRFG3.SA
CPLE6,2018-01-12,CPLE6.SA
ECOR3,2018-01-12,ECOR3.SA
CPFE3,2018-01-12,CPFE3.SA
VALE3,2018-05-11,VALE3.SA
ITUB4,2018-05-11,ITUB4.SA
BBDC4,2018-05-11,BBDC4.SA
PETR4,2018-05-11,PETR4.SA
ABEV3,2018-05-11,ABEV3.SA
PETR3,2018-05-11,PETR3.SA
ITSA4,2018-05-11,ITSA4.SA
B3SA3,2018-05-11,B3SA3.SA
BBAS3,2018-05-11,BBAS3.SA
UGPA3,2018-05-11,UGPA3.SA
LREN3,2018-05-11,LREN3.SA
CIEL3,2018-05-11,CIEL3.SA
SUZB3,2018-05-11,SUZB3.SA
VIVT4,2018-05-11,VIVT4.SA
BBDC3,2018-05-11,BBDC3.SA
BBSE3,2018-05-11,BBSE3.SA
BRFS3,2018-05-11,BRFS3.SA
GGBR4,2018-05-11,GGBR4.SA
KROT3,2018-05-11,KROT3.SA
EMBR3,2018-05-11,EMBR3.SA
RAIL3,2018-05-11,RAIL3.SA
FIBR3,2018-05-11,FIBR3.SA
RADL3,2018-05-11,RADL3.SA
JBSS3,2018-05-11,JBSS3.SA
SANB11,2018-05-11,SANB11.SA
CCRO3,2018-05-11,CCRO3.SA
LAME4,2018-05-11,LAME4.SA
WEGE3,2018-05-11,WEGE3.SA
RENT3,2018-05-11,RENT3.SA
EQTL3,2018-05-11,EQTL3.SA
KLBN11,2018-05-11,KLBN11.SA
PCAR4,2018-05-11,PCAR4.SA
BRKM5,2018-05-11,BRKM5.SA
HYPE3,2018-05-11,HYPE3.SA
TIMP3,2018-05-11,TIMP3.SA
SBSP3,2018-05-11,SBSP3.SA
BRML3,2018-05-11,BRML3.SA
ESTC3,2018-05-11,ESTC3.SA
FLRY3,2018-05-11,FLRY3.SA
CVCB3,2018-05-11,CVCB3.SA
BRAP4,2018-05-11,BRAP4.SA
EGIE3,2018-05-11,EGIE3.SA
MGLU3,2018-05-11,MGLU3.SA
QUAL3,2018-05-11,QUAL3.SA
CMIG4,2018-05-11,CMIG4.SA
NATU3,2018-05-11,NATU3.SA
CSAN3,2018-05-11,CSAN3.SA
USIM5,2018-05-11,USIM5.SA
CSNA3,2018-05-11,CSNA3.SA
MULT3,2018-05-11,MULT3.SA
ELET3,2018-05-11,ELET3.SA
BTOW3,2018-05-11,BTOW3.SA
ELET6,2018-05-11,ELET6.SA
ENBR3,2018-05-11,ENBR3.SA
GOAU4,2018-05-11,GOAU4.SA
MRVE3,2018-05-11,MRVE3.SA
SAPR11,2018-05-11,SAPR11.SA
SMLS3,2018-05-11,SMLS3.SA
TAEE11,2018-05-11,TAEE11.SA
VVAR11,2018-05-11,VVAR11.SA
MRFG3,2018-05-11,MRFG3.SA
CYRE3,2018-05-11,CYRE3.SA
IGTA3,2018-05-11,IGTA3.SA
CPLE6,2018-05-11,CPLE6.SA
GOLL4,2018-05-11,GOLL4.SA
ECOR3,2018-05-11,ECOR3.SA
CPFE3,2018-05-11,CPFE3.SA
VALE3,2018-09-14,VALE3.SA
ITUB4,2018-09-14,ITUB4.SA
BBDC4,2018-09-14,BBDC4.SA
PETR4,2018-09-14,PETR4.SA
ABEV3,2018-09-14,ABEV3.SA
PETR3,2018-09-14,PETR3.SA
B3SA3,2018-09-14,B3SA3.SA
ITSA4,2018-09-14,ITSA4.SA
BBAS3,2018-09-14,BBAS3.SA
SUZB3,2018-09-14,SUZB3.SA
UGPA3,2018-09-14,UGPA3.SA
LREN3,2018-09-14,LREN3.SA
BBDC3,2018-09-14,BBDC3.SA
FIBR3,2018-09-14,FIBR3.SA
BRFS3,2018-09-14,BRFS3.SA
VIVT4,2018-09-14,VIVT4.SA
BRKM5,2018-09-14,BRKM5.SA
CIEL3,2018-09-14,CIEL3.SA
BBSE3,2018-09-14,BBSE3.SA
RADL3,2018-09-14,RADL3.SA
RAIL3,2018-09-14,RAIL3.SA
GGBR4,2018-09-14,GGBR4.SA
JBSS3,2018-09-14,JBSS3.SA
KROT3,2018-09-14,KROT3.SA
EMBR3,2018-09-14,EMBR3.SA
WEGE3,2018-09-14,WEGE3.SA
SANB11,2018-09-14,SANB11.SA
KLBN11,2018-09-14,KLBN11.SA
PCAR4,2018-09-14,PCAR4.SA
EQTL3,2018-09-14,EQTL3.SA
HYPE3,2018-09-14,HYPE3.SA
RENT3,2018-09-14,RENT3.SA
LAME4,2018-09-14,LAME4.SA
CCRO3,2018-09-14,CCRO3.SA
TIMP3,2018-09-14,TIMP3.SA
BRML3,2018-09-14,BRML3.SA
MGLU3,2018-09-14,MGLU3.SA
EGIE3,2018-09-14,EGIE3.SA
SBSP3,2018-09-14,SBSP3.SA
FLRY3,2018-09-14,FLRY3.SA
BRAP4,2018-09-14,BRAP4.SA
CMIG4,2018-09-14,CMIG4.SA
ESTC3,2018-09-14,ESTC3.SA
CVCB3,2018-09-14,CVCB3.SA
CSNA3,2018-09-14,CSNA3.SA
CSAN3,2018-09-14,CSAN3.SA
NATU3,2018-09-14,NATU3.SA
MULT3,2018-09-14,MULT3.SA
TAEE11,2018-09-14,TAEE11.SA
GOAU4,2018-09-14,GOAU4.SA
ELET3,2018-09-14,ELET3.SA
BTOW3,2018-09-14,BTOW3.SA
ELET6,2018-09-14,ELET6.SA
ENBR3,2018-09-14,ENBR3.SA
QUAL3,2018-09-14,QUAL3.SA
USIM5,2018-09-14,USIM5.SA
MRVE3,2018-09-14,MRVE3.SA
CYRE3,2018-09-14,CYRE3.SA
IGTA3,2018-09-14,IGTA3.SA
SMLS3,2018-09-14,SMLS3.SA
VVAR11,2018-09-14,VVAR11.SA
MRFG3,2018-09-14,MRFG3.SA
CPLE6,2018-09-14,CPLE6.SA
ECOR3,2018-09-14,ECOR3.SA
GOLL4,2018-09-14,GOLL4.SA
ITUB4,2019-01-11,ITUB4.SA
VALE3,2019-01-11,VALE3.SA
BBDC4,2019-01-11,BBDC4.SA
PETR4,2019-01-11,PETR4.SA
PETR3,2019-01-11,PETR3.SA
ABEV3,2019-01-11,ABEV3.SA
BBAS3,2019-01-11,BBAS3.SA
ITSA4,2019-01-11,ITSA4.SA
B3SA3,2019-01-11,B3SA3.SA
LREN3,2019-01-11,LREN3.SA
UGPA3,2019-01-11,UGPA3.SA
BBDC3,2019-01-11,BBDC3.SA
SUZB3,2019-01-11,SUZB3.SA
VIVT4,2019-01-11,VIVT4.SA
JBSS3,2019-01-11,JBSS3.SA
RAIL3,2019-01-11,RAIL3.SA
BRFS3,2019-01-11,BRFS3.SA
BBSE3,2019-01-11,BBSE3.SA
SANB11,2019-01-11,SANB11.SA
EQTL3,2019-01-11,EQTL3.SA
GGBR4,2019-01-11,GGBR4.SA
EMBR3,2019-01-11,EMBR3.SA
RENT3,2019-01-11,RENT3.SA
CCRO3,2019-01-11,CCRO3.SA
LAME4,2019-01-11,LAME4.SA
KROT3,2019-01-11,KROT3.SA
WEGE3,2019-01-11,WEGE3.SA
RADL3,2019-01-11,RADL3.SA
CMIG4,2019-01-11,CMIG4.SA
PCAR4,2019-01-11,PCAR4.SA
BRKM5,2019-01-11,BRKM5.SA
CIEL3,2019-01-11,CIEL3.SA
HYPE3,2019-01-11,HYPE3.SA
MGLU3,2019-01-11,MGLU3.SA
SBSP3,2019-01-11,SBSP3.SA
BRML3,2019-01-11,BRML3.SA
KLBN11,2019-01-11,KLBN11.SA
TIMP3,2019-01-11,TIMP3.SA
EGIE3,2019-01-11,EGIE3.SA
CVCB3,2019-01-11,CVCB3.SA
BRDT3,2019-01-11,BRDT3.SA
ELET3,2019-01-11,ELET3.SA
ESTC3,2019-01-11,ESTC3.SA
NATU3,2019-01-11,NATU3.SA
BTOW3,2019-01-11,BTOW3.SA
ELET6,2019-01-11,ELET6.SA
BRAP4,2019-01-11,BRAP4.SA
FLRY3,2019-01-11,FLRY3.SA
MULT3,2019-01-11,MULT3.SA
CSNA3,2019-01-11,CSNA3.SA
CSAN3,2019-01-11,CSAN3.SA
TAEE11,2019-01-11,TAEE11.SA
USIM5,2019-01-11,USIM5.SA
ENBR3,2019-01-11,ENBR3.SA
GOAU4,2019-01-11,GOAU4.SA
CYRE3,2019-01-11,CYRE3.SA
MRVE3,2019-01-11,MRVE3.SA
IGTA3,2019-01-11,IGTA3.SA
QUAL3,2019-01-11,QUAL3.SA
GOLL4,2019-01-11,GOLL4.SA
SMLS3,2019-01-11,SMLS3.SA
MRFG3,2019-01-11,MRFG3.SA
ECOR3,2019-01-11,ECOR3.SA
VVAR3,2019-01-11,VVAR3.SA
LOGG3,2019-01-11,LOGG3.SA
ITUB4,2019-05-10,ITUB4.SA
VALE3,2019-05-10,VALE3.SA
BBDC4,2019-05-10,BBDC4.SA
PETR4,2019-05-10,PETR4.SA
PETR3,2019-05-10,PETR3.SA
ABEV3,2019-05-10,ABEV3.SA
B3SA3,2019-05-10,B3SA3.SA
BBAS3,2019-05-10,BBAS3.SA
ITSA4,2019-05-10,ITSA4.SA
JBSS3,2019-05-10,JBSS3.SA
SUZB3,2019-05-10,SUZB3.SA
LREN3,2019-05-10,LREN3.SA
BBDC3,2019-05-10,BBDC3.SA
BRFS3,2019-05-10,BRFS3.SA
UGPA3,2019-05-10,UGPA3.SA
RENT3,2019-05-10,RENT3.SA
RAIL3,2019-05-10,RAIL3.SA
VIVT4,2019-05-10,VIVT4.SA
BBSE3,2019-05-10,BBSE3.SA
SANB11,2019-05-10,SANB11.SA
EQTL3,2019-05-10,EQTL3.SA
SBSP3,2019-05-10,SBSP3.SA
RADL3,2019-05-10,RADL3.SA
KROT3,2019-05-10,KROT3.SA
EMBR3,2019-05-10,EMBR3.SA
GGBR4,2019-05-10,GGBR4.SA
WEGE3,2019-05-10,WEGE3.SA
CCRO3,2019-05-10,CCRO3.SA
CMIG4,2019-05-10,CMIG4.SA
IRBR3,2019-05-10,IRBR3.SA
PCAR4,2019-05-10,PCAR4.SA
MGLU3,2019-05-10,MGLU3.SA
AZUL4,2019-05-10,AZUL4.SA
HYPE3,2019-05-10,HYPE3.SA
LAME4,2019-05-10,LAME4.SA
EGIE3,2019-05-10,EGIE3.SA
BRKM5,2019-05-10,BRKM5.SA
BRML3,2019-05-10,BRML3.SA
KLBN11,2019-05-10,KLBN11.SA
CSNA3,2019-05-10,CSNA3.SA
TIMP3,2019-05-10,TIMP3.SA
NATU3,2019-05-10,NATU3.SA
ELET3,2019-05-10,ELET3.SA
CVCB3,2019-05-10,CVCB3.SA
CIEL3,2019-05-10,CIEL3.SA
ESTC3,2019-05-10,ESTC3.SA
BRDT3,2019-05-10,BRDT3.SA
ELET6,2019-05-10,ELET6.SA
CSAN3,2019-05-10,CSAN3.SA
BRAP4,2019-05-10,BRAP4.SA
MULT3,2019-05-10,MULT3.SA
FLRY3,2019-05-10,FLRY3.SA
BTOW3,2019-05-10,BTOW3.SA
TAEE11,2019-05-10,TAEE11.SA
ENBR3,2019-05-10,ENBR3.SA
MRVE3,2019-05-10,MRVE3.SA
CYRE3,2019-05-10,CYRE3.SA
USIM5,2019-05-10,USIM5.SA
QUAL3,2019-05-10,QUAL3.SA
GOAU4,2019-05-10,GOAU4.SA
IGTA3,2019-05-10,IGTA3.SA
GOLL4,2019-05-10,GOLL4.SA
MRFG3,2019-05-10,MRFG3.SA
SMLS3,2019-05-10,SMLS3.SA
VVAR3,2019-05-10,VVAR3.SA
ECOR3,2019-05-10,ECOR3.SA
ITUB4,2019-09-13,ITUB4.SA
VALE3,2019-09-13,VALE3.SA
BBDC4,2019-09-13,BBDC4.SA
PETR4,2019-09-13,PETR4.SA
B3SA3,2019-09-13,B3SA3.SA
PETR3,2019-09-13,PETR3.SA
ABEV3,2019-09-13,ABEV3.SA
BBAS3,2019-09-13,BBAS3.SA
ITSA4,2019-09-13,ITSA4.SA
JBSS3,2019-09-13,JBSS3.SA
LREN3,2019-09-13,LREN3.SA
BBDC3,2019-09-13,BBDC3.SA
IRBR3,2019-09-13,IRBR3.SA
BRFS3,2019-09-13,BRFS3.SA
RENT3,2019-09-13,RENT3.SA
RAIL3,2019-09-13,RAIL3.SA
SUZB3,2019-09-13,SUZB3.SA
BBSE3,2019-09-13,BBSE3.SA
VIVT4,2019-09-13,VIVT4.SA
BRDT3,2019-09-13,BRDT3.SA
RADL3,2019-09-13,RADL3.SA
EQTL3,2019-09-13,EQTL3.SA
UGPA3,2019-09-13,UGPA3.SA
GNDI3,2019-09-13,GNDI3.SA
MGLU3,2019-09-13,MGLU3.SA
CCRO3,2019-09-13,CCRO3.SA
SBSP3,2019-09-13,SBSP3.SA
WEGE3,2019-09-13,WEGE3.SA
KROT3,2019-09-13,KROT3.SA
AZUL4,2019-09-13,AZUL4.SA
SANB11,2019-09-13,SANB11.SA
EMBR3,2019-09-13,EMBR3.SA
CMIG4,2019-09-13,CMIG4.SA
GGBR4,2019-09-13,GGBR4.SA
PCAR4,2019-09-13,PCAR4.SA
HYPE3,2019-09-13,HYPE3.SA
LAME4,2019-09-13,LAME4.SA
ELET3,2019-09-13,ELET3.SA
NATU3,2019-09-13,NATU3.SA
BRML3,2019-09-13,BRML3.SA
EGIE3,2019-09-13,EGIE3.SA
BPAC11,2019-09-13,BPAC11.SA
ELET6,2019-09-13,ELET6.SA
YDUQ3,2019-09-13,YDUQ3.SA
TIMP3,2019-09-13,TIMP3.SA
KLBN11,2019-09-13,KLBN11.SA
CSNA3,2019-09-13,CSNA3.SA
CIEL3,2019-09-13,CIEL3.SA
CSAN3,2019-09-13,CSAN3.SA
BTOW3,2019-09-13,BTOW3.SA
VVAR3,2019-09-13,VVAR3.SA
BRKM5,2019-09-13,BRKM5.SA
CVCB3,2019-09-13,CVCB3.SA
FLRY3,2019-09-13,FLRY3.SA
MULT3,2019-09-13,MULT3.SA
BRAP4,2019-09-13,BRAP4.SA
QUAL3,2019-09-13,QUAL3.SA
TAEE11,2019-09-13,TAEE11.SA
CYRE3,2019-09-13,CYRE3.SA
ENBR3,2019-09-13,ENBR3.SA
MRVE3,2019-09-13,MRVE3.SA
GOLL4,2019-09-13,GOLL4.SA
USIM5,2019-09-13,USIM5.SA
IGTA3,2019-09-13,IGTA3.SA
GOAU4,2019-09-13,GOAU4.SA
MRFG3,2019-09-13,MRFG3.SA
ECOR3,2019-09-13,ECOR3.SA
SMLS3,2019-09-13,SMLS3.SA
VALE3,2020-01-10,VALE3.SA
ITUB4,2020-01-10,ITUB4.SA
PETR4,2020-01-10,PETR4.SA
BBDC4,2020-01-10,BBDC4.SA
B3SA3,2020-01-10,B3SA3.SA
PETR3,2020-01-10,PETR3.SA
ABEV3,2020-01-10,ABEV3.SA
BBAS3,2020-01-10,BBAS3.SA
ITSA4,2020-01-10,ITSA4.SA
JBSS3,2020-01-10,JBSS3.SA
LREN3,2020-01-10,LREN3.SA
IRBR3,2020-01-10,IRBR3.SA
BBDC3,2020-01-10,BBDC3.SA
MGLU3,2020-01-10,MGLU3.SA
GNDI3,2020-01-10,GNDI3.SA
SUZB3,2020-01-10,SUZB3.SA
BRFS3,2020-01-10,BRFS3.SA
RENT3,2020-01-10,RENT3.SA
RAIL3,2020-01-10,RAIL3.SA
UGPA3,2020-01-10,UGPA3.SA
BBSE3,2020-01-10,BBSE3.SA
WEGE3,2020-01-10,WEGE3.SA
RADL3,2020-01-10,RADL3.SA
EQTL3,2020-01-10,EQTL3.SA
VIVT4,2020-01-10,VIVT4.SA
GGBR4,2020-01-10,GGBR4.SA
BRDT3,2020-01-10,BRDT3.SA
CCRO3,2020-01-10,CCRO3.SA
SBSP3,2020-01-10,SBSP3.SA
LAME4,2020-01-10,LAME4.SA
AZUL4,2020-01-10,AZUL4.SA
COGN3,2020-01-10,COGN3.SA
SULA11,2020-01-10,SULA11.SA
SANB11,2020-01-10,SANB11.SA
BRML3,2020-01-10,BRML3.SA
BPAC11,2020-01-10,BPAC11.SA
EMBR3,2020-01-10,EMBR3.SA
NTCO3,2020-01-10,NTCO3.SA
HYPE3,2020-01-10,HYPE3.SA
PCAR4,2020-01-10,PCAR4.SA
CMIG4,2020-01-10,CMIG4.SA
YDUQ3,2020-01-10,YDUQ3.SA
HAPV3,2020-01-10,HAPV3.SA
VVAR3,2020-01-10,VVAR3.SA
BTOW3,2020-01-10,BTOW3.SA
EGIE3,2020-01-10,EGIE3.SA
TIMP3,2020-01-10,TIMP3.SA
ELET3,2020-01-10,ELET3.SA
KLBN11,2020-01-10,KLBN11.SA
QUAL3,2020-01-10,QUAL3.SA
CSAN3,2020-01-10,CSAN3.SA
FLRY3,2020-01-10,FLRY3.SA
TOTS3,2020-01-10,TOTS3.SA
BRKM5,2020-01-10,BRKM5.SA
ELET6,2020-01-10,ELET6.SA
MULT3,2020-01-10,MULT3.SA
CSNA3,2020-01-10,CSNA3.SA
CRFB3,2020-01-10,CRFB3.SA
BRAP4,2020-01-10,BRAP4.SA
CYRE3,2020-01-10,CYRE3.SA
CIEL3,2020-01-10,CIEL3.SA
TAEE11,2020-01-10,TAEE11.SA
ENBR3,2020-01-10,ENBR3.SA
GOAU4,2020-01-10,GOAU4.SA
CVCB3,2020-01-10,CVCB3.SA
MRVE3,2020-01-10,MRVE3.SA
GOLL4,2020-01-10,GOLL4.SA
USIM5,2020-01-10,USIM5.SA
IGTA3,2020-01-10,IGTA3.SA
MRFG3,2020-01-10,MRFG3.SA
HGTX3,2020-01-10,HGTX3.SA
ECOR3,2020-01-10,ECOR3.SA
SMLS3,2020-01-10,SMLS3.SA
VALE3,2020-05-08,VALE3.SA
ITUB4,2020-05-08,ITUB4.SA
PETR4,2020-05-08,PETR4.SA
B3SA3,2020-05-08,B3SA3.SA
BBDC4,2020-05-08,BBDC4.SA
PETR3,2020-05-08,PETR3.SA
ABEV3,2020-05-08,ABEV3.SA
JBSS3,2020-05-08,JBSS3.SA
MGLU3,2020-05-08,MGLU3.SA
BBAS3,2020-05-08,BBAS3.SA
ITSA4,2020-05-08,ITSA4.SA
SUZB3,2020-05-08,SUZB3.SA
WEGE3,2020-05-08,WEGE3.SA
LREN3,2020-05-08,LREN3.SA
GNDI3,2020-05-08,GNDI3.SA
NTCO3,2020-05-08,NTCO3.SA
RADL3,2020-05-08,RADL3.SA
RAIL3,2020-05-08,RAIL3.SA
BBDC3,2020-05-08,BBDC3.SA
VIVT4,2020-05-08,VIVT4.SA
LAME4,2020-05-08,LAME4.SA
RENT3,2020-05-08,RENT3.SA
BTOW3,2020-05-08,BTOW3.SA
EQTL3,2020-05-08,EQTL3.SA
BBSE3,2020-05-08,BBSE3.SA
BRFS3,2020-05-08,BRFS3.SA
UGPA3,2020-05-08,UGPA3.SA
SBSP3,2020-05-08,SBSP3.SA
BRDT3,2020-05-08,BRDT3.SA
KLBN11,2020-05-08,KLBN11.SA
GGBR4,2020-05-08,GGBR4.SA
CCRO3,2020-05-08,CCRO3.SA
SULA11,2020-05-08,SULA11.SA
HAPV3,2020-05-08,HAPV3.SA
HYPE3,2020-05-08,HYPE3.SA
VVAR3,2020-05-08,VVAR3.SA
TIMP3,2020-05-08,TIMP3.SA
PCAR3,2020-05-08,PCAR3.SA
ENGI11,2020-05-08,ENGI11.SA
EGIE3,2020-05-08,EGIE3.SA
CSAN3,2020-05-08,CSAN3.SA
COGN3,2020-05-08,COGN3.SA
SANB11,2020-05-08,SANB11.SA
YDUQ3,2020-05-08,YDUQ3.SA
CMIG4,2020-05-08,CMIG4.SA
IRBR3,2020-05-08,IRBR3.SA
ELET3,2020-05-08,ELET3.SA
CRFB3,2020-05-08,CRFB3.SA
BPAC11,2020-05-08,BPAC11.SA
TOTS3,2020-05-08,TOTS3.SA
BRML3,2020-05-08,BRML3.SA
QUAL3,2020-05-08,QUAL3.SA
BRAP4,2020-05-08,BRAP4.SA
FLRY3,2020-05-08,FLRY3.SA
TAEE11,2020-05-08,TAEE11.SA
ELET6,2020-05-08,ELET6.SA
MRFG3,2020-05-08,MRFG3.SA
CSNA3,2020-05-08,CSNA3.SA
BRKM5,2020-05-08,BRKM5.SA
EMBR3,2020-05-08,EMBR3.SA
MULT3,2020-05-08,MULT3.SA
CPFE3,2020-05-08,CPFE3.SA
ENBR3,2020-05-08,ENBR3.SA
AZUL4,2020-05-08,AZUL4.SA
MRVE3,2020-05-08,MRVE3.SA
CIEL3,2020-05-08,CIEL3.SA
CYRE3,2020-05-08,CYRE3.SA
GOAU4,2020-05-08,GOAU4.SA
BEEF3,2020-05-08,BEEF3.SA
USIM5,2020-05-08,USIM5.SA
IGTA3,2020-05-08,IGTA3.SA
ECOR3,2020-05-08,ECOR3.SA
HGTX3,2020-05-08,HGTX3.SA
CVCB3,2020-05-08,CVCB3.SA
GOLL4,2020-05-08,GOLL4.SA
VALE3,2020-09-11,VALE3.SA
ITUB4,2020-09-11,ITUB4.SA
PETR4,2020-09-11,PETR4.SA
B3SA3,2020-09-11,B3SA3.SA
BBDC4,2020-09-11,BBDC4.SA
PETR3,2020-09-11,PETR3.SA
MGLU3,2020-09-11,MGLU3.SA
ABEV3,2020-09-11,ABEV3.SA
ITSA4,2020-09-11,ITSA4.SA
GNDI3,2020-09-11,GNDI3.SA
WEGE3,2020-09-11,WEGE3.SA
BBAS3,2020-09-11,BBAS3.SA
NTCO3,2020-09-11,NTCO3.SA
JBSS3,2020-09-11,JBSS3.SA
LREN3,2020-09-11,LREN3.SA
SUZB3,2020-09-11,SUZB3.SA
RENT3,2020-09-11,RENT3.SA
RAIL3,2020-09-11,RAIL3.SA
VVAR3,2020-09-11,VVAR3.SA
BRDT3,2020-09-11,BRDT3.SA
LAME4,2020-09-11,LAME4.SA
BBDC3,2020-09-11,BBDC3.SA
RADL3,2020-09-11,RADL3.SA
EQTL3,2020-09-11,EQTL3.SA
UGPA3,2020-09-11,UGPA3.SA
BTOW3,2020-09-11,BTOW3.SA
VIVT4,2020-09-11,VIVT4.SA
GGBR4,2020-09-11,GGBR4.SA
BPAC11,2020-09-11,BPAC11.SA
BBSE3,2020-09-11,BBSE3.SA
BRFS3,2020-09-11,BRFS3.SA
SBSP3,2020-09-11,SBSP3.SA
CCRO3,2020-09-11,CCRO3.SA
KLBN11,2020-09-11,KLBN11.SA
HAPV3,2020-09-11,HAPV3.SA
TOTS3,2020-09-11,TOTS3.SA
HYPE3,2020-09-11,HYPE3.SA
ELET3,2020-09-11,ELET3.SA
TIMP3,2020-09-11,TIMP3.SA
SULA11,2020-09-11,SULA11.SA
EGIE3,2020-09-11,EGIE3.SA
PCAR3,2020-09-11,PCAR3.SA
ENGI11,2020-09-11,ENGI11.SA
COGN3,2020-09-11,COGN3.SA
CMIG4,2020-09-11,CMIG4.SA
SANB11,2020-09-11,SANB11.SA
CSNA3,2020-09-11,CSNA3.SA
CSAN3,2020-09-11,CSAN3.SA
BRAP4,2020-09-11,BRAP4.SA
QUAL3,2020-09-11,QUAL3.SA
FLRY3,2020-09-11,FLRY3.SA
ELET6,2020-09-11,ELET6.SA
AZUL4,2020-09-11,AZUL4.SA
YDUQ3,2020-09-11,YDUQ3.SA
CRFB3,2020-09-11,CRFB3.SA
BRML3,2020-09-11,BRML3.SA
IRBR3,2020-09-11,IRBR3.SA
CYRE3,2020-09-11,CYRE3.SA
TAEE11,2020-09-11,TAEE11.SA
GOAU4,2020-09-11,GOAU4.SA
MULT3,2020-09-11,MULT3.SA
MRFG3,2020-09-11,MRFG3.SA
BRKM5,2020-09-11,BRKM5.SA
CPFE3,2020-09-11,CPFE3.SA
USIM5,2020-09-11,USIM5.SA
ENBR3,2020-09-11,ENBR3.SA
PRIO3,2020-09-11,PRIO3.SA
MRVE3,2020-09-11,MRVE3.SA
EMBR3,2020-09-11,EMBR3.SA
CIEL3,2020-09-11,CIEL3.SA
EZTC3,2020-09-11,EZTC3.SA
BEEF3,2020-09-11,BEEF3.SA
IGTA3,2020-09-11,IGTA3.SA
GOLL4,2020-09-11,GOLL4.SA
CVCB3,2020-09-11,CVCB3.SA
HGTX3,2020-09-11,HGTX3.SA
ECOR3,2020-09-11,ECOR3.SA
VALE3,2021-01-08,VALE3.SA
ITUB4,2021-01-08,ITUB4.SA
PETR4,2021-01-08,PETR4.SA
B3SA3,2021-01-08,B3SA3.SA
BBDC4,2021-01-08,BBDC4.SA
PETR3,2021-01-08,PETR3.SA
ABEV3,2021-01-08,ABEV3.SA
WEGE3,2021-01-08,WEGE3.SA
MGLU3,2021-01-08,MGLU3.SA
ITSA4,2021-01-08,ITSA4.SA
BBAS3,2021-01-08,BBAS3.SA
SUZB3,2021-01-08,SUZB3.SA
GNDI3,2021-01-08,GNDI3.SA
NTCO3,2021-01-08,NTCO3.SA
RENT3,2021-01-08,RENT3.SA
JBSS3,2021-01-08,JBSS3.SA
LREN3,2021-01-08,LREN3.SA
GGBR4,2021-01-08,GGBR4.SA
BBDC3,2021-01-08,BBDC3.SA
UGPA3,2021-01-08,UGPA3.SA
BRDT3,2021-01-08,BRDT3.SA
RADL3,2021-01-08,RADL3.SA
CSNA3,2021-01-08,CSNA3.SA
VVAR3,2021-01-08,VVAR3.SA
RAIL3,2021-01-08,RAIL3.SA
KLBN11,2021-01-08,KLBN11.SA
EQTL3,2021-01-08,EQTL3.SA
BPAC11,2021-01-08,BPAC11.SA
LAME4,2021-01-08,LAME4.SA
VIVT3,2021-01-08,VIVT3.SA
BBSE3,2021-01-08,BBSE3.SA
BRFS3,2021-01-08,BRFS3.SA
ENEV3,2021-01-08,ENEV3.SA
BRAP4,2021-01-08,BRAP4.SA
SANB11,2021-01-08,SANB11.SA
HAPV3,2021-01-08,HAPV3.SA
SBSP3,2021-01-08,SBSP3.SA
CCRO3,2021-01-08,CCRO3.SA
CMIG4,2021-01-08,CMIG4.SA
HYPE3,2021-01-08,HYPE3.SA
BTOW3,2021-01-08,BTOW3.SA
TOTS3,2021-01-08,TOTS3.SA
ELET3,2021-01-08,ELET3.SA
ENGI11,2021-01-08,ENGI11.SA
AZUL4,2021-01-08,AZUL4.SA
PCAR3,2021-01-08,PCAR3.SA
SULA11,2021-01-08,SULA11.SA
TIMS3,2021-01-08,TIMS3.SA
EGIE3,2021-01-08,EGIE3.SA
CSAN3,2021-01-08,CSAN3.SA
PRIO3,2021-01-08,PRIO3.SA
YDUQ3,2021-01-08,YDUQ3.SA
IRBR3,2021-01-08,IRBR3.SA
QUAL3,2021-01-08,QUAL3.SA
GOAU4,2021-01-08,GOAU4.SA
CPLE6,2021-01-08,CPLE6.SA
LCAM3,2021-01-08,LCAM3.SA
COGN3,2021-01-08,COGN3.SA
USIM5,2021-01-08,USIM5.SA
ELET6,2021-01-08,ELET6.SA
FLRY3,2021-01-08,FLRY3.SA
BRML3,2021-01-08,BRML3.SA
CYRE3,2021-01-08,CYRE3.SA
CRFB3,2021-01-08,CRFB3.SA
TAEE11,2021-01-08,TAEE11.SA
BRKM5,2021-01-08,BRKM5.SA
EMBR3,2021-01-08,EMBR3.SA
MULT3,2021-01-08,MULT3.SA
CPFE3,2021-01-08,CPFE3.SA
MRVE3,2021-01-08,MRVE3.SA
MRFG3,2021-01-08,MRFG3.SA
ENBR3,2021-01-08,ENBR3.SA
CIEL3,2021-01-08,CIEL3.SA
EZTC3,2021-01-08,EZTC3.SA
CVCB3,2021-01-08,CVCB3.SA
GOLL4,2021-01-08,GOLL4.SA
IGTA3,2021-01-08,IGTA3.SA
BEEF3,2021-01-08,BEEF3.SA
ECOR3,2021-01-08,ECOR3.SA
JHSF3,2021-01-08,JHSF3.SA
HGTX3,2021-01-08,HGTX3.SA
VALE3,2021-05-14,VALE3.SA
ITUB4,2021-05-14,ITUB4.SA
PETR4,2021-05-14,PETR4.SA
B3SA3,2021-05-14,B3SA3.SA
BBDC4,2021-05-14,BBDC4.SA
PETR3,2021-05-14,PETR3.SA
ABEV3,2021-05-14,ABEV3.SA
MGLU3,2021-05-14,MGLU3.SA
SUZB3,2021-05-14,SUZB3.SA
GNDI3,2021-05-14,GNDI3.SA
WEGE3,2021-05-14,WEGE3.SA
ITSA4,2021-05-14,ITSA4.SA
JBSS3,2021-05-14,JBSS3.SA
NTCO3,2021-05-14,NTCO3.SA
BBAS3,2021-05-14,BBAS3.SA
LREN3,2021-05-14,LREN3.SA
GGBR4,2021-05-14,GGBR4.SA
RENT3,2021-05-14,RENT3.SA
CSNA3,2021-05-14,CSNA3.SA
BRDT3,2021-05-14,BRDT3.SA
RADL3,2021-05-14,RADL3.SA
BBDC3,2021-05-14,BBDC3.SA
BPAC11,2021-05-14,BPAC11.SA
RAIL3,2021-05-14,RAIL3.SA
CSAN3,2021-05-14,CSAN3.SA
KLBN11,2021-05-14,KLBN11.SA
EQTL3,2021-05-14,EQTL3.SA
UGPA3,2021-05-14,UGPA3.SA
ENEV3,2021-05-14,ENEV3.SA
VVAR3,2021-05-14,VVAR3.SA
VIVT3,2021-05-14,VIVT3.SA
HAPV3,2021-05-14,HAPV3.SA
BRFS3,2021-05-14,BRFS3.SA
LAME4,2021-05-14,LAME4.SA
BRAP4,2021-05-14,BRAP4.SA
BBSE3,2021-05-14,BBSE3.SA
CCRO3,2021-05-14,CCRO3.SA
TOTS3,2021-05-14,TOTS3.SA
ELET3,2021-05-14,ELET3.SA
BIDI11,2021-05-14,BIDI11.SA
SBSP3,2021-05-14,SBSP3.SA
PRIO3,2021-05-14,PRIO3.SA
HYPE3,2021-05-14,HYPE3.SA
SANB11,2021-05-14,SANB11.SA
BRKM5,2021-05-14,BRKM5.SA
AZUL4,2021-05-14,AZUL4.SA
CMIG4,2021-05-14,CMIG4.SA
BTOW3,2021-05-14,BTOW3.SA
EMBR3,2021-05-14,EMBR3.SA
ENGI11,2021-05-14,ENGI11.SA
USIM5,2021-05-14,USIM5.SA
GOAU4,2021-05-14,GOAU4.SA
EGIE3,2021-05-14,EGIE3.SA
TIMS3,2021-05-14,TIMS3.SA
ELET6,2021-05-14,ELET6.SA
LWSA3,2021-05-14,LWSA3.SA
SULA11,2021-05-14,SULA11.SA
YDUQ3,2021-05-14,YDUQ3.SA
BRML3,2021-05-14,BRML3.SA
TAEE11,2021-05-14,TAEE11.SA
IRBR3,2021-05-14,IRBR3.SA
CRFB3,2021-05-14,CRFB3.SA
FLRY3,2021-05-14,FLRY3.SA
LCAM3,2021-05-14,LCAM3.SA
ASAI3,2021-05-14,ASAI3.SA
COGN3,2021-05-14,COGN3.SA
QUAL3,2021-05-14,QUAL3.SA
MRFG3,2021-05-14,MRFG3.SA
CYRE3,2021-05-14,CYRE3.SA
MULT3,2021-05-14,MULT3.SA
PCAR3,2021-05-14,PCAR3.SA
CPFE3,2021-05-14,CPFE3.SA
MRVE3,2021-05-14,MRVE3.SA
CVCB3,2021-05-14,CVCB3.SA
ENBR3,2021-05-14,ENBR3.SA
CIEL3,2021-05-14,CIEL3.SA
IGTA3,2021-05-14,IGTA3.SA
HGTX3,2021-05-14,HGTX3.SA
GOLL4,2021-05-14,GOLL4.SA
CPLE6,2021-05-14,CPLE6.SA
EZTC3,2021-05-14,EZTC3.SA
BEEF3,2021-05-14,BEEF3.SA
ECOR3,2021-05-14,ECOR3.SA
JHSF3,2021-05-14,JHSF3.SA
VALE3,2021-09-10,VALE3.SA
ITUB4,2021-09-10,ITUB4.SA
PETR4,2021-09-10,PETR4.SA
BBDC4,2021-09-10,BBDC4.SA
PETR3,2021-09-10,PETR3.SA
B3SA3,2021-09-10,B3SA3.SA
ABEV3,2021-09-10,ABEV3.SA
WEGE3,2021-09-10,WEGE3.SA
MGLU3,2021-09-10,MGLU3.SA
ITSA4,2021-09-10,ITSA4.SA
GNDI3,2021-09-10,GNDI3.SA
SUZB3,2021-09-10,SUZB3.SA
JBSS3,2021-09-10,JBSS3.SA
NTCO3,2021-09-10,NTCO3.SA
BBAS3,2021-09-10,BBAS3.SA
BPAC11,2021-09-10,BPAC11.SA
RENT3,2021-09-10,RENT3.SA
LREN3,2021-09-10,LREN3.SA
GGBR4,2021-09-10,GGBR4.SA
BIDI11,2021-09-10,BIDI11.SA
BRDT3,2021-09-10,BRDT3.SA
RADL3,2021-09-10,RADL3.SA
CSAN3,2021-09-10,CSAN3.SA
EQTL3,2021-09-10,EQTL3.SA
BBDC3,2021-09-10,BBDC3.SA
RAIL3,2021-09-10,RAIL3.SA
RDOR3,2021-09-10,RDOR3.SA
AMER3,2021-09-10,AMER3.SA
CSNA3,2021-09-10,CSNA3.SA
KLBN11,2021-09-10,KLBN11.SA
ENEV3,2021-09-10,ENEV3.SA
HAPV3,2021-09-10,HAPV3.SA
BRFS3,2021-09-10,BRFS3.SA
VIVT3,2021-09-10,VIVT3.SA
TOTS3,2021-09-10,TOTS3.SA
BRKM5,2021-09-10,BRKM5.SA
PRIO3,2021-09-10,PRIO3.SA
EMBR3,2021-09-10,EMBR3.SA
UGPA3,2021-09-10,UGPA3.SA
VIIA3,2021-09-10,VIIA3.SA
CMIG4,2021-09-10,CMIG4.SA
ASAI3,2021-09-10,ASAI3.SA
HYPE3,2021-09-10,HYPE3.SA
SANB11,2021-09-10,SANB11.SA
BRAP4,2021-09-10,BRAP4.SA
CCRO3,2021-09-10,CCRO3.SA
ELET3,2021-09-10,ELET3.SA
BBSE3,2021-09-10,BBSE3.SA
SBSP3,2021-09-10,SBSP3.SA
AZUL4,2021-09-10,AZUL4.SA
CPLE6,2021-09-10,CPLE6.SA
ENGI11,2021-09-10,ENGI11.SA
EGIE3,2021-09-10,EGIE3.SA
LWSA3,2021-09-10,LWSA3.SA
TIMS3,2021-09-10,TIMS3.SA
ALPA4,2021-09-10,ALPA4.SA
ELET6,2021-09-10,ELET6.SA
GOAU4,2021-09-10,GOAU4.SA
LCAM3,2021-09-10,LCAM3.SA
SULA11,2021-09-10,SULA11.SA
TAEE11,2021-09-10,TAEE11.SA
USIM5,2021-09-10,USIM5.SA
MRFG3,2021-09-10,MRFG3.SA
CRFB3,2021-09-10,CRFB3.SA
FLRY3,2021-09-10,FLRY3.SA
BRML3,2021-09-10,BRML3.SA
YDUQ3,2021-09-10,YDUQ3.SA
PETZ3,2021-09-10,PETZ3.SA
IRBR3,2021-09-10,IRBR3.SA
QUAL3,2021-09-10,QUAL3.SA
BPAN4,2021-09-10,BPAN4.SA
MULT3,2021-09-10,MULT3.SA
COGN3,2021-09-10,COGN3.SA
DXCO3,2021-09-10,DXCO3.SA
CPFE3,2021-09-10,CPFE3.SA
CYRE3,2021-09-10,CYRE3.SA
LAME4,2021-09-10,LAME4.SA
CVCB3,2021-09-10,CVCB3.SA
PCAR3,2021-09-10,PCAR3.SA
ENBR3,2021-09-10,ENBR3.SA
HGTX3,2021-09-10,HGTX3.SA
MRVE3,2021-09-10,MRVE3.SA
BIDI4,2021-09-10,BIDI4.SA
GOLL4,2021-09-10,GOLL4.SA
ECOR3,2021-09-10,ECOR3.SA
CASH3,2021-09-10,CASH3.SA
CIEL3,2021-09-10,CIEL3.SA
IGTA3,2021-09-10,IGTA3.SA
EZTC3,2021-09-10,EZTC3.SA
BEEF3,2021-09-10,BEEF3.SA
JHSF3,2021-09-10,JHSF3.SA
VALE3,2022-01-14,VALE3.SA
PETR4,2022-01-14,PETR4.SA
ITUB4,2022-01-14,ITUB4.SA
BBDC4,2022-01-14,BBDC4.SA
PETR3,2022-01-14,PETR3.SA
B3SA3,2022-01-14,B3SA3.SA
ABEV3,2022-01-14,ABEV3.SA
JBSS3,2022-01-14,JBSS3.SA
SUZB3,2022-01-14,SUZB3.SA
ITSA4,2022-01-14,ITSA4.SA
WEGE3,2022-01-14,WEGE3.SA
BBAS3,2022-01-14,BBAS3.SA
GNDI3,2022-01-14,GNDI3.SA
GGBR4,2022-01-14,GGBR4.SA
RENT3,2022-01-14,RENT3.SA
BPAC11,2022-01-14,BPAC11.SA
CSAN3,2022-01-14,CSAN3.SA
LREN3,2022-01-14,LREN3.SA
BBDC3,2022-01-14,BBDC3.SA
RDOR3,2022-01-14,RDOR3.SA
EQTL3,2022-01-14,EQTL3.SA
VBBR3,2022-01-14,VBBR3.SA
RADL3,2022-01-14,RADL3.SA
KLBN11,2022-01-14,KLBN11.SA
VIVT3,2022-01-14,VIVT3.SA
RAIL3,2022-01-14,RAIL3.SA
BRFS3,2022-01-14,BRFS3.SA
PRIO3,2022-01-14,PRIO3.SA
NTCO3,2022-01-14,NTCO3.SA
MGLU3,2022-01-14,MGLU3.SA
CSNA3,2022-01-14,CSNA3.SA
EMBR3,2022-01-14,EMBR3.SA
ENEV3,2022-01-14,ENEV3.SA
UGPA3,2022-01-14,UGPA3.SA
CMIG4,2022-01-14,CMIG4.SA
BRKM5,2022-01-14,BRKM5.SA
HAPV3,2022-01-14,HAPV3.SA
TOTS3,2022-01-14,TOTS3.SA
BBSE3,2022-01-14,BBSE3.SA
BIDI11,2022-01-14,BIDI11.SA
CCRO3,2022-01-14,CCRO3.SA
SBSP3,2022-01-14,SBSP3.SA
AMER3,2022-01-14,AMER3.SA
SANB11,2022-01-14,SANB11.SA
ELET3,2022-01-14,ELET3.SA
HYPE3,2022-01-14,HYPE3.SA
TIMS3,2022-01-14,TIMS3.SA
ENGI11,2022-01-14,ENGI11.SA
EGIE3,2022-01-14,EGIE3.SA
CPLE6,2022-01-14,CPLE6.SA
ASAI3,2022-01-14,ASAI3.SA
AZUL4,2022-01-14,AZUL4.SA
USIM5,2022-01-14,USIM5.SA
GOAU4,2022-01-14,GOAU4.SA
CMIN3,2022-01-14,CMIN3.SA
MRFG3,2022-01-14,MRFG3.SA
TAEE11,2022-01-14,TAEE11.SA
ELET6,2022-01-14,ELET6.SA
LCAM3,2022-01-14,LCAM3.SA
RRRP3,2022-01-14,RRRP3.SA
BRAP4,2022-01-14,BRAP4.SA
SULA11,2022-01-14,SULA11.SA
BRML3,2022-01-14,BRML3.SA
VIIA3,2022-01-14,VIIA3.SA
CRFB3,2022-01-14,CRFB3.SA
YDUQ3,2022-01-14,YDUQ3.SA
ALPA4,2022-01-14,ALPA4.SA
SOMA3,2022-01-14,SOMA3.SA
FLRY3,2022-01-14,FLRY3.SA
MULT3,2022-01-14,MULT3.SA
CPFE3,2022-01-14,CPFE3.SA
LAME4,2022-01-14,LAME4.SA
ENBR3,2022-01-14,ENBR3.SA
PETZ3,2022-01-14,PETZ3.SA
IRBR3,2022-01-14,IRBR3.SA
QUAL3,2022-01-14,QUAL3.SA
DXCO3,2022-01-14,DXCO3.SA
CYRE3,2022-01-14,CYRE3.SA
COGN3,2022-01-14,COGN3.SA
LWSA3,2022-01-14,LWSA3.SA
BPAN4,2022-01-14,BPAN4.SA
MRVE3,2022-01-14,MRVE3.SA
PCAR3,2022-01-14,PCAR3.SA
IGTI11,2022-01-14,IGTI11.SA
GOLL4,2022-01-14,GOLL4.SA
CVCB3,2022-01-14,CVCB3.SA
BEEF3,2022-01-14,BEEF3.SA
ECOR3,2022-01-14,ECOR3.SA
CIEL3,2022-01-14,CIEL3.SA
EZTC3,2022-01-14,EZTC3.SA
JHSF3,2022-01-14,JHSF3.SA
CASH3,2022-01-14,CASH3.SA
POSI3,2022-01-14,POSI3.SA
VALE3,2022-05-13,VALE3.SA
PETR4,2022-05-13,PETR4.SA
ITUB4,2022-05-13,ITUB4.SA
PETR3,2022-05-13,PETR3.SA
BBDC4,2022-05-13,BBDC4.SA
B3SA3,2022-05-13,B3SA3.SA
ABEV3,2022-05-13,ABEV3.SA
BBAS3,2022-05-13,BBAS3.SA
JBSS3,2022-05-13,JBSS3.SA
ITSA4,2022-05-13,ITSA4.SA
WEGE3,2022-05-13,WEGE3.SA
SUZB3,2022-05-13,SUZB3.SA
HAPV3,2022-05-13,HAPV3.SA
RENT3,2022-05-13,RENT3.SA
BPAC11,2022-05-13,BPAC11.SA
GGBR4,2022-05-13,GGBR4.SA
EQTL3,2022-05-13,EQTL3.SA
RDOR3,2022-05-13,RDOR3.SA
LREN3,2022-05-13,LREN3.SA
BBDC3,2022-05-13,BBDC3.SA
VBBR3,2022-05-13,VBBR3.SA
PRIO3,2022-05-13,PRIO3.SA
CSAN3,2022-05-13,CSAN3.SA
VIVT3,2022-05-13,VIVT3.SA
RADL3,2022-05-13,RADL3.SA
RAIL3,2022-05-13,RAIL3.SA
BBSE3,2022-05-13,BBSE3.SA
KLBN11,2022-05-13,KLBN11.SA
ENEV3,2022-05-13,ENEV3.SA
SBSP3,2022-05-13,SBSP3.SA
CMIG4,2022-05-13,CMIG4.SA
HYPE3,2022-05-13,HYPE3.SA
ELET3,2022-05-13,ELET3.SA
NTCO3,2022-05-13,NTCO3.SA
UGPA3,2022-05-13,UGPA3.SA
CCRO3,2022-05-13,CCRO3.SA
BRFS3,2022-05-13,BRFS3.SA
AMER3,2022-05-13,AMER3.SA
TOTS3,2022-05-13,TOTS3.SA
ASAI3,2022-05-13,ASAI3.SA
MGLU3,2022-05-13,MGLU3.SA
SANB11,2022-05-13,SANB11.SA
ENGI11,2022-05-13,ENGI11.SA
CSNA3,2022-05-13,CSNA3.SA
CPLE6,2022-05-13,CPLE6.SA
TIMS3,2022-05-13,TIMS3.SA
BRKM5,2022-05-13,BRKM5.SA
EGIE3,2022-05-13,EGIE3.SA
EMBR3,2022-05-13,EMBR3.SA
ELET6,2022-05-13,ELET6.SA
TAEE11,2022-05-13,TAEE11.SA
BIDI11,2022-05-13,BIDI11.SA
RRRP3,2022-05-13,RRRP3.SA
CRFB3,2022-05-13,CRFB3.SA
GOAU4,2022-05-13,GOAU4.SA
LCAM3,2022-05-13,LCAM3.SA
BRML3,2022-05-13,BRML3.SA
SULA11,2022-05-13,SULA11.SA
BRAP4,2022-05-13,BRAP4.SA
MULT3,2022-05-13,MULT3.SA
CPFE3,2022-05-13,CPFE3.SA
AZUL4,2022-05-13,AZUL4.SA
SOMA3,2022-05-13,SOMA3.SA
USIM5,2022-05-13,USIM5.SA
MRFG3,2022-05-13,MRFG3.SA
ENBR3,2022-05-13,ENBR3.SA
SLCE3,2022-05-13,SLCE3.SA
COGN3,2022-05-13,COGN3.SA
CMIN3,2022-05-13,CMIN3.SA
YDUQ3,2022-05-13,YDUQ3.SA
ALPA4,2022-05-13,ALPA4.SA
FLRY3,2022-05-13,FLRY3.SA
VIIA3,2022-05-13,VIIA3.SA
PETZ3,2022-05-13,PETZ3.SA
CYRE3,2022-05-13,CYRE3.SA
CIEL3,2022-05-13,CIEL3.SA
IGTI11,2022-05-13,IGTI11.SA
DXCO3,2022-05-13,DXCO3.SA
PCAR3,2022-05-13,PCAR3.SA
IRBR3,2022-05-13,IRBR3.SA
QUAL3,2022-05-13,QUAL3.SA
BEEF3,2022-05-13,BEEF3.SA
BPAN4,2022-05-13,BPAN4.SA
MRVE3,2022-05-13,MRVE3.SA
CVCB3,2022-05-13,CVCB3.SA
LWSA3,2022-05-13,LWSA3.SA
GOLL4,2022-05-13,GOLL4.SA
JHSF3,2022-05-13,JHSF3.SA
ECOR3,2022-05-13,ECOR3.SA
EZTC3,2022-05-13,EZTC3.SA
CASH3,2022-05-13,CASH3.SA
POSI3,2022-05-13,POSI3.SA
VALE3,2022-09-09,VALE3.SA
PETR4,2022-09-09,PETR4.SA
ITUB4,2022-09-09,ITUB4.SA
BBDC4,2022-09-09,BBDC4.SA
PETR3,2022-09-09,PETR3.SA
B3SA3,2022-09-09,B3SA3.SA
ABEV3,2022-09-09,ABEV3.SA
ELET3,2022-09-09,ELET3.SA
BBAS3,2022-09-09,BBAS3.SA
RENT3,2022-09-09,RENT3.SA
WEGE3,2022-09-09,WEGE3.SA
ITSA4,2022-09-09,ITSA4.SA
HAPV3,2022-09-09,HAPV3.SA
BPAC11,2022-09-09,BPAC11.SA
SUZB3,2022-09-09,SUZB3.SA
JBSS3,2022-09-09,JBSS3.SA
RDOR3,2022-09-09,RDOR3.SA
RADL3,2022-09-09,RADL3.SA
EQTL3,2022-09-09,EQTL3.SA
GGBR4,2022-09-09,GGBR4.SA
LREN3,2022-09-09,LREN3.SA
ENEV3,2022-09-09,ENEV3.SA
RAIL3,2022-09-09,RAIL3.SA
BBDC3,2022-09-09,BBDC3.SA
PRIO3,2022-09-09,PRIO3.SA
CSAN3,2022-09-09,CSAN3.SA
VBBR3,2022-09-09,VBBR3.SA
BBSE3,2022-09-09,BBSE3.SA
VIVT3,2022-09-09,VIVT3.SA
BRFS3,2022-09-09,BRFS3.SA
CMIG4,2022-09-09,CMIG4.SA
SBSP3,2022-09-09,SBSP3.SA
HYPE3,2022-09-09,HYPE3.SA
CCRO3,2022-09-09,CCRO3.SA
ASAI3,2022-09-09,ASAI3.SA
TOTS3,2022-09-09,TOTS3.SA
UGPA3,2022-09-09,UGPA3.SA
ELET6,2022-09-09,ELET6.SA
KLBN11,2022-09-09,KLBN11.SA
NTCO3,2022-09-09,NTCO3.SA
MGLU3,2022-09-09,MGLU3.SA
ENGI11,2022-09-09,ENGI11.SA
CPLE6,2022-09-09,CPLE6.SA
CRFB3,2022-09-09,CRFB3.SA
SANB11,2022-09-09,SANB11.SA
EGIE3,2022-09-09,EGIE3.SA
TIMS3,2022-09-09,TIMS3.SA
EMBR3,2022-09-09,EMBR3.SA
TAEE11,2022-09-09,TAEE11.SA
AMER3,2022-09-09,AMER3.SA
BRKM5,2022-09-09,BRKM5.SA
CSNA3,2022-09-09,CSNA3.SA
RRRP3,2022-09-09,RRRP3.SA
BRML3,2022-09-09,BRML3.SA
SULA11,2022-09-09,SULA11.SA
GOAU4,2022-09-09,GOAU4.SA
CPFE3,2022-09-09,CPFE3.SA
SOMA3,2022-09-09,SOMA3.SA
MULT3,2022-09-09,MULT3.SA
CIEL3,2022-09-09,CIEL3.SA
ARZZ3,2022-09-09,ARZZ3.SA
ENBR3,2022-09-09,ENBR3.SA
RAIZ4,2022-09-09,RAIZ4.SA
BRAP4,2022-09-09,BRAP4.SA
AZUL4,2022-09-09,AZUL4.SA
FLRY3,2022-09-09,FLRY3.SA
COGN3,2022-09-09,COGN3.SA
VIIA3,2022-09-09,VIIA3.SA
SLCE3,2022-09-09,SLCE3.SA
CYRE3,2022-09-09,CYRE3.SA
ALPA4,2022-09-09,ALPA4.SA
USIM5,2022-09-09,USIM5.SA
SMTO3,2022-09-09,SMTO3.SA
CMIN3,2022-09-09,CMIN3.SA
LWSA3,2022-09-09,LWSA3.SA
MRFG3,2022-09-09,MRFG3.SA
BEEF3,2022-09-09,BEEF3.SA
IGTI11,2022-09-09,IGTI11.SA
YDUQ3,2022-09-09,YDUQ3.SA
PCAR3,2022-09-09,PCAR3.SA
MRVE3,2022-09-09,MRVE3.SA
PETZ3,2022-09-09,PETZ3.SA
DXCO3,2022-09-09,DXCO3.SA
BPAN4,2022-09-09,BPAN4.SA
QUAL3,2022-09-09,QUAL3.SA
CVCB3,2022-09-09,CVCB3.SA
ECOR3,2022-09-09,ECOR3.SA
GOLL4,2022-09-09,GOLL4.SA
EZTC3,2022-09-09,EZTC3.SA
IRBR3,2022-09-09,IRBR3.SA
POSI3,2022-09-09,POSI3.SA
CASH3,2022-09-09,CASH3.SA
VALE3,2023-01-13,VALE3.SA
ITUB4,2023-01-13,ITUB4.SA
PETR4,2023-01-13,PETR4.SA
PETR3,2023-01-13,PETR3.SA
ELET3,2023-01-13,ELET3.SA
B3SA3,2023-01-13,B3SA3.SA
BBDC4,2023-01-13,BBDC4.SA
ABEV3,2023-01-13,ABEV3.SA
WEGE3,2023-01-13,WEGE3.SA
BBAS3,2023-01-13,BBAS3.SA
ITSA4,2023-01-13,ITSA4.SA
RENT3,2023-01-13,RENT3.SA
SUZB3,2023-01-13,SUZB3.SA
GGBR4,2023-01-13,GGBR4.SA
PRIO3,2023-01-13,PRIO3.SA
RDOR3,2023-01-13,RDOR3.SA
EQTL3,2023-01-13,EQTL3.SA
RADL3,2023-01-13,RADL3.SA
BPAC11,2023-01-13,BPAC11.SA
JBSS3,2023-01-13,JBSS3.SA
BBSE3,2023-01-13,BBSE3.SA
RAIL3,2023-01-13,RAIL3.SA
CSAN3,2023-01-13,CSAN3.SA
LREN3,2023-01-13,LREN3.SA
ENEV3,2023-01-13,ENEV3.SA
BBDC3,2023-01-13,BBDC3.SA
HAPV3,2023-01-13,HAPV3.SA
SBSP3,2023-01-13,SBSP3.SA
ASAI3,2023-01-13,ASAI3.SA
HYPE3,2023-01-13,HYPE3.SA
VBBR3,2023-01-13,VBBR3.SA
CMIG4,2023-01-13,CMIG4.SA
VIVT3,2023-01-13,VIVT3.SA
TOTS3,2023-01-13,TOTS3.SA
UGPA3,2023-01-13,UGPA3.SA
KLBN11,2023-01-13,KLBN11.SA
ELET6,2023-01-13,ELET6.SA
CPLE6,2023-01-13,CPLE6.SA
CCRO3,2023-01-13,CCRO3.SA
EMBR3,2023-01-13,EMBR3.SA
SANB11,2023-01-13,SANB11.SA
ENGI11,2023-01-13,ENGI11.SA
NTCO3,2023-01-13,NTCO3.SA
CSNA3,2023-01-13,CSNA3.SA
EGIE3,2023-01-13,EGIE3.SA
TIMS3,2023-01-13,TIMS3.SA
GOAU4,2023-01-13,GOAU4.SA
BRFS3,2023-01-13,BRFS3.SA
MGLU3,2023-01-13,MGLU3.SA
RRRP3,2023-01-13,RRRP3.SA
BRAP4,2023-01-13,BRAP4.SA
TAEE11,2023-01-13,TAEE11.SA
CRFB3,2023-01-13,CRFB3.SA
BRKM5,2023-01-13,BRKM5.SA
CPFE3,2023-01-13,CPFE3.SA
MULT3,2023-01-13,MULT3.SA
ALSO3,2023-01-13,ALSO3.SA
FLRY3,2023-01-13,FLRY3.SA
CIEL3,2023-01-13,CIEL3.SA
CMIN3,2023-01-13,CMIN3.SA
ENBR3,2023-01-13,ENBR3.SA
SOMA3,2023-01-13,SOMA3.SA
ARZZ3,2023-01-13,ARZZ3.SA
SLCE3,2023-01-13,SLCE3.SA
RAIZ4,2023-01-13,RAIZ4.SA
USIM5,2023-01-13,USIM5.SA
AZUL4,2023-01-13,AZUL4.SA
COGN3,2023-01-13,COGN3.SA
IGTI11,2023-01-13,IGTI11.SA
VIIA3,2023-01-13,VIIA3.SA
CYRE3,2023-01-13,CYRE3.SA
BEEF3,2023-01-13,BEEF3.SA
SMTO3,2023-01-13,SMTO3.SA
ALPA4,2023-01-13,ALPA4.SA
PCAR3,2023-01-13,PCAR3.SA
YDUQ3,2023-01-13,YDUQ3.SA
MRFG3,2023-01-13,MRFG3.SA
LWSA3,2023-01-13,LWSA3.SA
MRVE3,2023-01-13,MRVE3.SA
PETZ3,2023-01-13,PETZ3.SA
BPAN4,2023-01-13,BPAN4.SA
DXCO3,2023-01-13,DXCO3.SA
QUAL3,2023-01-13,QUAL3.SA
AMER3,2023-01-13,AMER3.SA
GOLL4,2023-01-13,GOLL4.SA
ECOR3,2023-01-13,ECOR3.SA
CVCB3,2023-01-13,CVCB3.SA
EZTC3,2023-01-13,EZTC3.SA
CASH3,2023-01-13,CASH3.SA
VALE3,2023-05-12,VALE3.SA
ITUB4,2023-05-12,ITUB4.SA
PETR4,2023-05-12,PETR4.SA
PETR3,2023-05-12,PETR3.SA
BBDC4,2023-05-12,BBDC4.SA
B3SA3,2023-05-12,B3SA3.SA
ELET3,2023-05-12,ELET3.SA
ABEV3,2023-05-12,ABEV3.SA
BBAS3,2023-05-12,BBAS3.SA
WEGE3,2023-05-12,WEGE3.SA
RENT3,2023-05-12,RENT3.SA
ITSA4,2023-05-12,ITSA4.SA
EQTL3,2023-05-12,EQTL3.SA
BPAC11,2023-05-12,BPAC11.SA
RADL3,2023-05-12,RADL3.SA
SUZB3,2023-05-12,SUZB3.SA
PRIO3,2023-05-12,PRIO3.SA
RDOR3,2023-05-12,RDOR3.SA
GGBR4,2023-05-12,GGBR4.SA
RAIL3,2023-05-12,RAIL3.SA
BBSE3,2023-05-12,BBSE3.SA
BBDC3,2023-05-12,BBDC3.SA
JBSS3,2023-05-12,JBSS3.SA
CSAN3,2023-05-12,CSAN3.SA
UGPA3,2023-05-12,UGPA3.SA
ENEV3,2023-05-12,ENEV3.SA
CMIG4,2023-05-12,CMIG4.SA
VIVT3,2023-05-12,VIVT3.SA
SBSP3,2023-05-12,SBSP3.SA
VBBR3,2023-05-12,VBBR3.SA
LREN3,2023-05-12,LREN3.SA
HYPE3,2023-05-12,HYPE3.SA
TOTS3,2023-05-12,TOTS3.SA
KLBN11,2023-05-12,KLBN11.SA
ASAI3,2023-05-12,ASAI3.SA
CCRO3,2023-05-12,CCRO3.SA
HAPV3,2023-05-12,HAPV3.SA
EMBR3,2023-05-12,EMBR3.SA
MGLU3,2023-05-12,MGLU3.SA
CPLE6,2023-05-12,CPLE6.SA
TIMS3,2023-05-12,TIMS3.SA
ENGI11,2023-05-12,ENGI11.SA
EGIE3,2023-05-12,EGIE3.SA
ELET6,2023-05-12,ELET6.SA
NTCO3,2023-05-12,NTCO3.SA
SANB11,2023-05-12,SANB11.SA
ALSO3,2023-05-12,ALSO3.SA
TAEE11,2023-05-12,TAEE11.SA
BRFS3,2023-05-12,BRFS3.SA
RRRP3,2023-05-12,RRRP3.SA
CSNA3,2023-05-12,CSNA3.SA
GOAU4,2023-05-12,GOAU4.SA
MULT3,2023-05-12,MULT3.SA
BRKM5,2023-05-12,BRKM5.SA
FLRY3,2023-05-12,FLRY3.SA
CIEL3,2023-05-12,CIEL3.SA
CPFE3,2023-05-12,CPFE3.SA
ENBR3,2023-05-12,ENBR3.SA
BRAP4,2023-05-12,BRAP4.SA
CRFB3,2023-05-12,CRFB3.SA
SMTO3,2023-05-12,SMTO3.SA
SOMA3,2023-05-12,SOMA3.SA
CMIN3,2023-05-12,CMIN3.SA
IGTI11,2023-05-12,IGTI11.SA
CYRE3,2023-05-12,CYRE3.SA
COGN3,2023-05-12,COGN3.SA
AZUL4,2023-05-12,AZUL4.SA
ARZZ3,2023-05-12,ARZZ3.SA
RAIZ4,2023-05-12,RAIZ4.SA
USIM5,2023-05-12,USIM5.SA
SLCE3,2023-05-12,SLCE3.SA
YDUQ3,2023-05-12,YDUQ3.SA
VIIA3,2023-05-12,VIIA3.SA
IRBR3,2023-05-12,IRBR3.SA
MRVE3,2023-05-12,MRVE3.SA
LWSA3,2023-05-12,LWSA3.SA
PCAR3,2023-05-12,PCAR3.SA
BEEF3,2023-05-12,BEEF3.SA
PETZ3,2023-05-12,PETZ3.SA
DXCO3,2023-05-12,DXCO3.SA
MRFG3,2023-05-12,MRFG3.SA
ALPA4,2023-05-12,ALPA4.SA
GOLL4,2023-05-12,GOLL4.SA
EZTC3,2023-05-12,EZTC3.SA
CVCB3,2023-05-12,CVCB3.SA
CASH3,2023-05-12,CASH3.SA
VALE3,2023-09-08,VALE3.SA
PETR4,2023-09-08,PETR4.SA
ITUB4,2023-09-08,ITUB4.SA
PETR3,2023-09-08,PETR3.SA
BBDC4,2023-09-08,BBDC4.SA
B3SA3,2023-09-08,B3SA3.SA
ELET3,2023-09-08,ELET3.SA
BBAS3,2023-09-08,BBAS3.SA
ABEV3,2023-09-08,ABEV3.SA
WEGE3,2023-09-08,WEGE3.SA
RENT3,2023-09-08,RENT3.SA
ITSA4,2023-09-08,ITSA4.SA
PRIO3,2023-09-08,PRIO3.SA
BPAC11,2023-09-08,BPAC11.SA
SUZB3,2023-09-08,SUZB3.SA
RADL3,2023-09-08,RADL3.SA
EQTL3,2023-09-08,EQTL3.SA
RDOR3,2023-09-08,RDOR3.SA
GGBR4,2023-09-08,GGBR4.SA
RAIL3,2023-09-08,RAIL3.SA
JBSS3,2023-09-08,JBSS3.SA
BBSE3,2023-09-08,BBSE3.SA
VBBR3,2023-09-08,VBBR3.SA
CSAN3,2023-09-08,CSAN3.SA
UGPA3,2023-09-08,UGPA3.SA
SBSP3,2023-09-08,SBSP3.SA
BBDC3,2023-09-08,BBDC3.SA
HAPV3,2023-09-08,HAPV3.SA
ENEV3,2023-09-08,ENEV3.SA
VIVT3,2023-09-08,VIVT3.SA
CMIG4,2023-09-08,CMIG4.SA
ASAI3,2023-09-08,ASAI3.SA
KLBN11,2023-09-08,KLBN11.SA
HYPE3,2023-09-08,HYPE3.SA
BRFS3,2023-09-08,BRFS3.SA
LREN3,2023-09-08,LREN3.SA
TOTS3,2023-09-08,TOTS3.SA
EMBR3,2023-09-08,EMBR3.SA
CPLE6,2023-09-08,CPLE6.SA
ENGI11,2023-09-08,ENGI11.SA
NTCO3,2023-09-08,NTCO3.SA
CCRO3,2023-09-08,CCRO3.SA
ALSO3,2023-09-08,ALSO3.SA
TIMS3,2023-09-08,TIMS3.SA
EGIE3,2023-09-08,EGIE3.SA
ELET6,2023-09-08,ELET6.SA
SANB11,2023-09-08,SANB11.SA
GOAU4,2023-09-08,GOAU4.SA
RRRP3,2023-09-08,RRRP3.SA
TAEE11,2023-09-08,TAEE11.SA
MGLU3,2023-09-08,MGLU3.SA
CSNA3,2023-09-08,CSNA3.SA
MULT3,2023-09-08,MULT3.SA
CPFE3,2023-09-08,CPFE3.SA
BRKM5,2023-09-08,BRKM5.SA
RECV3,2023-09-08,RECV3.SA
YDUQ3,2023-09-08,YDUQ3.SA
BRAP4,2023-09-08,BRAP4.SA
CYRE3,2023-09-08,CYRE3.SA
SMTO3,2023-09-08,SMTO3.SA
CRFB3,2023-09-08,CRFB3.SA
COGN3,2023-09-08,COGN3.SA
FLRY3,2023-09-08,FLRY3.SA
CMIN3,2023-09-08,CMIN3.SA
AZUL4,2023-09-08,AZUL4.SA
VAMO3,2023-09-08,VAMO3.SA
RAIZ4,2023-09-08,RAIZ4.SA
IGTI11,2023-09-08,IGTI11.SA
MRVE3,2023-09-08,MRVE3.SA
ARZZ3,2023-09-08,ARZZ3.SA
CIEL3,2023-09-08,CIEL3.SA
SLCE3,2023-09-08,SLCE3.SA
SOMA3,2023-09-08,SOMA3.SA
USIM5,2023-09-08,USIM5.SA
IRBR3,2023-09-08,IRBR3.SA
LWSA3,2023-09-08,LWSA3.SA
DXCO3,2023-09-08,DXCO3.SA
BEEF3,2023-09-08,BEEF3.SA
MRFG3,2023-09-08,MRFG3.SA
EZTC3,2023-09-08,EZTC3.SA
VIIA3,2023-09-08,VIIA3.SA
ALPA4,2023-09-08,ALPA4.SA
PETZ3,2023-09-08,PETZ3.SA
GOLL4,2023-09-08,GOLL4.SA
CVCB3,2023-09-08,CVCB3.SA
PCAR3,2023-09-08,PCAR3.SA
VALE3,2024-01-12,VALE3.SA
PETR4,2024-01-12,PETR4.SA
ITUB4,2024-01-12,ITUB4.SA
PETR3,2024-01-12,PETR3.SA
ELET3,2024-01-12,ELET3.SA
BBDC4,2024-01-12,BBDC4.SA
B3SA3,2024-01-12,B3SA3.SA
BBAS3,2024-01-12,BBAS3.SA
ABEV3,2024-01-12,ABEV3.SA
ITSA4,2024-01-12,ITSA4.SA
RENT3,2024-01-12,RENT3.SA
WEGE3,2024-01-12,WEGE3.SA
BPAC11,2024-01-12,BPAC11.SA
EQTL3,2024-01-12,EQTL3.SA
SUZB3,2024-01-12,SUZB3.SA
PRIO3,2024-01-12,PRIO3.SA
RADL3,2024-01-12,RADL3.SA
RDOR3,2024-01-12,RDOR3.SA
UGPA3,2024-01-12,UGPA3.SA
RAIL3,2024-01-12,RAIL3.SA
JBSS3,2024-01-12,JBSS3.SA
SBSP3,2024-01-12,SBSP3.SA
VBBR3,2024-01-12,VBBR3.SA
GGBR4,2024-01-12,GGBR4.SA
CSAN3,2024-01-12,CSAN3.SA
BBSE3,2024-01-12,BBSE3.SA
BBDC3,2024-01-12,BBDC3.SA
VIVT3,2024-01-12,VIVT3.SA
BRFS3,2024-01-12,BRFS3.SA
ENEV3,2024-01-12,ENEV3.SA
HAPV3,2024-01-12,HAPV3.SA
ASAI3,2024-01-12,ASAI3.SA
CMIG4,2024-01-12,CMIG4.SA
CPLE6,2024-01-12,CPLE6.SA
TOTS3,2024-01-12,TOTS3.SA
EMBR3,2024-01-12,EMBR3.SA
KLBN11,2024-01-12,KLBN11.SA
LREN3,2024-01-12,LREN3.SA
ENGI11,2024-01-12,ENGI11.SA
NTCO3,2024-01-12,NTCO3.SA
HYPE3,2024-01-12,HYPE3.SA
TIMS3,2024-01-12,TIMS3.SA
CCRO3,2024-01-12,CCRO3.SA
ALOS3,2024-01-12,ALOS3.SA
ELET6,2024-01-12,ELET6.SA
EGIE3,2024-01-12,EGIE3.SA
CSNA3,2024-01-12,CSNA3.SA
TRPL4,2024-01-12,TRPL4.SA
SANB11,2024-01-12,SANB11.SA
TAEE11,2024-01-12,TAEE11.SA
CMIN3,2024-01-12,CMIN3.SA
MULT3,2024-01-12,MULT3.SA
CPFE3,2024-01-12,CPFE3.SA
RRRP3,2024-01-12,RRRP3.SA
GOAU4,2024-01-12,GOAU4.SA
MGLU3,2024-01-12,MGLU3.SA
CRFB3,2024-01-12,CRFB3.SA
CYRE3,2024-01-12,CYRE3.SA
BRAP4,2024-01-12,BRAP4.SA
YDUQ3,2024-01-12,YDUQ3.SA
COGN3,2024-01-12,COGN3.SA
RECV3,2024-01-12,RECV3.SA
IGTI11,2024-01-12,IGTI11.SA
CIEL3,2024-01-12,CIEL3.SA
BRKM5,2024-01-12,BRKM5.SA
RAIZ4,2024-01-12,RAIZ4.SA
AZUL4,2024-01-12,AZUL4.SA
USIM5,2024-01-12,USIM5.SA
FLRY3,2024-01-12,FLRY3.SA
VAMO3,2024-01-12,VAMO3.SA
SOMA3,2024-01-12,SOMA3.SA
ARZZ3,2024-01-12,ARZZ3.SA
SMTO3,2024-01-12,SMTO3.SA
SLCE3,2024-01-12,SLCE3.SA
IRBR3,2024-01-12,IRBR3.SA
MRVE3,2024-01-12,MRVE3.SA
MRFG3,2024-01-12,MRFG3.SA
LWSA3,2024-01-12,LWSA3.SA
DXCO3,2024-01-12,DXCO3.SA
BEEF3,2024-01-12,BEEF3.SA
CVCB3,2024-01-12,CVCB3.SA
ALPA4,2024-01-12,ALPA4.SA
GOLL4,2024-01-12,GOLL4.SA
EZTC3,2024-01-12,EZTC3.SA
PETZ3,2024-01-12,PETZ3.SA
BHIA3,2024-01-12,BHIA3.SA
PCAR3,2024-01-12,PCAR3.SA
VALE3,2024-05-10,VALE3.SA
PETR4,2024-05-10,PETR4.SA
ITUB4,2024-05-10,ITUB4.SA
PETR3,2024-05-10,PETR3.SA
BBAS3,2024-05-10,BBAS3.SA
ELET3,2024-05-10,ELET3.SA
BBDC4,2024-05-10,BBDC4.SA
B3SA3,2024-05-10,B3SA3.SA
WEGE3,2024-05-10,WEGE3.SA
ITSA4,2024-05-10,ITSA4.SA
ABEV3,2024-05-10,ABEV3.SA
RENT3,2024-05-10,RENT3.SA
BPAC11,2024-05-10,BPAC11.SA
PRIO3,2024-05-10,PRIO3.SA
EQTL3,2024-05-10,EQTL3.SA
SUZB3,2024-05-10,SUZB3.SA
RDOR3,2024-05-10,RDOR3.SA
RADL3,2024-05-10,RADL3.SA
JBSS3,2024-05-10,JBSS3.SA
UGPA3,2024-05-10,UGPA3.SA
SBSP3,2024-05-10,SBSP3.SA
VBBR3,2024-05-10,VBBR3.SA
EMBR3,2024-05-10,EMBR3.SA
RAIL3,2024-05-10,RAIL3.SA
GGBR4,2024-05-10,GGBR4.SA
BBSE3,2024-05-10,BBSE3.SA
ENEV3,2024-05-10,ENEV3.SA
CMIG4,2024-05-10,CMIG4.SA
VIVT3,2024-05-10,VIVT3.SA
ASAI3,2024-05-10,ASAI3.SA
HAPV3,2024-05-10,HAPV3.SA
BBDC3,2024-05-10,BBDC3.SA
CSAN3,2024-05-10,CSAN3.SA
KLBN11,2024-05-10,KLBN11.SA
BRFS3,2024-05-10,BRFS3.SA
CPLE6,2024-05-10,CPLE6.SA
ENGI11,2024-05-10,ENGI11.SA
LREN3,2024-05-10,LREN3.SA
TOTS3,2024-05-10,TOTS3.SA
NTCO3,2024-05-10,NTCO3.SA
TIMS3,2024-05-10,TIMS3.SA
CCRO3,2024-05-10,CCRO3.SA
HYPE3,2024-05-10,HYPE3.SA
ELET6,2024-05-10,ELET6.SA
EGIE3,2024-05-10,EGIE3.SA
ALOS3,2024-05-10,ALOS3.SA
TRPL4,2024-05-10,TRPL4.SA
SANB11,2024-05-10,SANB11.SA
CSNA3,2024-05-10,CSNA3.SA
TAEE11,2024-05-10,TAEE11.SA
GOAU4,2024-05-10,GOAU4.SA
RRRP3,2024-05-10,RRRP3.SA
MULT3,2024-05-10,MULT3.SA
CRFB3,2024-05-10,CRFB3.SA
CPFE3,2024-05-10,CPFE3.SA
CIEL3,2024-05-10,CIEL3.SA
RECV3,2024-05-10,RECV3.SA
MGLU3,2024-05-10,MGLU3.SA
CYRE3,2024-05-10,CYRE3.SA
CMIN3,2024-05-10,CMIN3.SA
BRKM5,2024-05-10,BRKM5.SA
BRAP4,2024-05-10,BRAP4.SA
YDUQ3,2024-05-10,YDUQ3.SA
IGTI11,2024-05-10,IGTI11.SA
SMTO3,2024-05-10,SMTO3.SA
USIM5,2024-05-10,USIM5.SA
VAMO3,2024-05-10,VAMO3.SA
COGN3,2024-05-10,COGN3.SA
RAIZ4,2024-05-10,RAIZ4.SA
AZUL4,2024-05-10,AZUL4.SA
SLCE3,2024-05-10,SLCE3.SA
FLRY3,2024-05-10,FLRY3.SA
MRFG3,2024-05-10,MRFG3.SA
IRBR3,2024-05-10,IRBR3.SA
ARZZ3,2024-05-10,ARZZ3.SA
VIVA3,2024-05-10,VIVA3.SA
SOMA3,2024-05-10,SOMA3.SA
MRVE3,2024-05-10,MRVE3.SA
DXCO3,2024-05-10,DXCO3.SA
LWSA3,2024-05-10,LWSA3.SA
ALPA4,2024-05-10,ALPA4.SA
BEEF3,2024-05-10,BEEF3.SA
PETZ3,2024-05-10,PETZ3.SA
EZTC3,2024-05-10,EZTC3.SA
CVCB3,2024-05-10,CVCB3.SA
PCAR3,2024-05-10,PCAR3.SA
ALE3,2024-09-13,ALE3.SA
ITUB4,2024-09-13,ITUB4.SA
PETR4,2024-09-13,PETR4.SA
PETR3,2024-09-13,PETR3.SA
BBAS3,2024-09-13,BBAS3.SA
BBDC4,2024-09-13,BBDC4.SA
ELET3,2024-09-13,ELET3.SA
WEGE3,2024-09-13,WEGE3.SA
B3SA3,2024-09-13,B3SA3.SA
SBSP3,2024-09-13,SBSP3.SA
ITSA4,2024-09-13,ITSA4.SA
ABEV3,2024-09-13,ABEV3.SA
BPAC11,2024-09-13,BPAC11.SA
EQTL3,2024-09-13,EQTL3.SA
RENT3,2024-09-13,RENT3.SA
RDOR3,2024-09-13,RDOR3.SA
JBSS3,2024-09-13,JBSS3.SA
EMBR3,2024-09-13,EMBR3.SA
RADL3,2024-09-13,RADL3.SA
SUZB3,2024-09-13,SUZB3.SA
PRIO3,2024-09-13,PRIO3.SA
VBBR3,2024-09-13,VBBR3.SA
RAIL3,2024-09-13,RAIL3.SA
UGPA3,2024-09-13,UGPA3.SA
GGBR4,2024-09-13,GGBR4.SA
BBSE3,2024-09-13,BBSE3.SA
VIVT3,2024-09-13,VIVT3.SA
ENEV3,2024-09-13,ENEV3.SA
CMIG4,2024-09-13,CMIG4.SA
HAPV3,2024-09-13,HAPV3.SA
BBDC3,2024-09-13,BBDC3.SA
BRFS3,2024-09-13,BRFS3.SA
CPLE6,2024-09-13,CPLE6.SA
LREN3,2024-09-13,LREN3.SA
KLBN11,2024-09-13,KLBN11.SA
TOTS3,2024-09-13,TOTS3.SA
ENGI11,2024-09-13,ENGI11.SA
CSAN3,2024-09-13,CSAN3.SA
TIMS3,2024-09-13,TIMS3.SA
CCRO3,2024-09-13,CCRO3.SA
NTCO3,2024-09-13,NTCO3.SA
ELET6,2024-09-13,ELET6.SA
ASAI3,2024-09-13,ASAI3.SA
HYPE3,2024-09-13,HYPE3.SA
ALOS3,2024-09-13,ALOS3.SA
EGIE3,2024-09-13,EGIE3.SA
STBP3,2024-09-13,STBP3.SA
SANB11,2024-09-13,SANB11.SA
BRAV3,2024-09-13,BRAV3.SA
TRPL4,2024-09-13,TRPL4.SA
MULT3,2024-09-13,MULT3.SA
CSNA3,2024-09-13,CSNA3.SA
CXSE3,2024-09-13,CXSE3.SA
FLRY3,2024-09-13,FLRY3.SA
TAEE11,2024-09-13,TAEE11.SA
GOAU4,2024-09-13,GOAU4.SA
CMIN3,2024-09-13,CMIN3.SA
CPFE3,2024-09-13,CPFE3.SA
AZZA3,2024-09-13,AZZA3.SA
CYRE3,2024-09-13,CYRE3.SA
RECV3,2024-09-13,RECV3.SA
CRFB3,2024-09-13,CRFB3.SA
BRKM5,2024-09-13,BRKM5.SA
BRAP4,2024-09-13,BRAP4.SA
IGTI11,2024-09-13,IGTI11.SA
MRFG3,2024-09-13,MRFG3.SA
MGLU3,2024-09-13,MGLU3.SA
IRBR3,2024-09-13,IRBR3.SA
SMTO3,2024-09-13,SMTO3.SA
RAIZ4,2024-09-13,RAIZ4.SA
VIVA3,2024-09-13,VIVA3.SA
VAMO3,2024-09-13,VAMO3.SA
SLCE3,2024-09-13,SLCE3.SA
AURE3,2024-09-13,AURE3.SA
USIM5,2024-09-13,USIM5.SA
YDUQ3,2024-09-13,YDUQ3.SA
MRVE3,2024-09-13,MRVE3.SA
COGN3,2024-09-13,COGN3.SA
LWSA3,2024-09-13,LWSA3.SA
BEEF3,2024-09-13,BEEF3.SA
PETZ3,2024-09-13,PETZ3.SA
EZTC3,2024-09-13,EZTC3.SA
AZUL4,2024-09-13,AZUL4.SA
ALPA4,2024-09-13,ALPA4.SA
PCAR3,2024-09-13,PCAR3.SA
CVCB3,2024-09-13,CVCB3.SA
